Date,Actual Energy Consumption,Predicted Energy Consumption,Holiday Indicator,Temperature,Humidity,Wind Speed,Prediction Period,Validation RMSE,Test RMSE
2011-11-23,6.952692315384615,,0,0.32101047443006775,0.9090909090909092,0.1885245901639344,Historic Data,0.4951,3.007
2011-11-24,8.536479996,,0,0.400184842883549,0.8363636363636364,0.3934426229508196,Historic Data,0.4951,3.007
2011-11-25,9.499781246875001,,0,0.4032655576093654,0.6545454545454545,0.49385245901639335,Historic Data,0.4951,3.007
2011-11-26,10.267707309756098,,0,0.4011090573012939,0.6909090909090911,0.5686475409836065,Historic Data,0.4951,3.007
2011-11-27,10.850804892682927,,0,0.41897720271102895,0.5272727272727273,0.5409836065573771,Historic Data,0.4951,3.007
2011-11-28,9.103381814545454,,0,0.3894023413431916,0.7818181818181817,0.21926229508196718,Historic Data,0.4951,3.007
2011-11-29,9.274873023809523,,0,0.41682070240295754,0.709090909090909,0.6434426229508197,Historic Data,0.4951,3.007
2011-11-30,8.813513157894738,,0,0.3675292667898952,0.6363636363636365,0.4334016393442622,Historic Data,0.4951,3.007
2011-12-01,9.227706527173913,,0,0.3761552680221812,0.709090909090909,0.24282786885245897,Historic Data,0.4951,3.007
2011-12-02,10.145910005000001,,0,0.25046210720887246,0.8,0.2868852459016393,Historic Data,0.4951,3.007
2011-12-03,10.78027272909091,,0,0.3536660505237215,0.6545454545454545,0.5348360655737705,Historic Data,0.4951,3.007
2011-12-04,12.163127274545454,,0,0.2825015403573629,0.709090909090909,0.42110655737704905,Historic Data,0.4951,3.007
2011-12-05,10.609714288888888,,0,0.21349353049907577,0.6181818181818182,0.5502049180327869,Historic Data,0.4951,3.007
2011-12-06,11.673416666666668,,0,0.21472581638940233,0.7272727272727273,0.47028688524590156,Historic Data,0.4951,3.007
2011-12-07,10.889361845394737,,0,0.2797288971041282,0.4545454545454546,0.7028688524590163,Historic Data,0.4951,3.007
2011-12-08,11.525149698802396,,0,0.39895255699322246,0.6909090909090911,0.6977459016393442,Historic Data,0.4951,3.007
2011-12-09,11.759836954891304,,0,0.23844731977818853,0.509090909090909,0.5584016393442623,Historic Data,0.4951,3.007
2011-12-10,12.633800992537314,,0,0.1891558841651263,0.6909090909090911,0.2950819672131147,Historic Data,0.4951,3.007
2011-12-11,13.749174137313434,,0,0.2664818237831177,0.8181818181818181,0.38319672131147536,Historic Data,0.4951,3.007
2011-12-12,11.951958332407408,,0,0.3043746149106593,0.7454545454545454,0.49385245901639335,Historic Data,0.4951,3.007
2011-12-13,11.957446429464285,,0,0.37399876771410967,0.5818181818181818,0.7418032786885246,Historic Data,0.4951,3.007
2011-12-14,12.392775862931034,,0,0.18422674060382008,0.6545454545454545,0.4385245901639344,Historic Data,0.4951,3.007
2011-12-15,12.307079370634922,,0,0.24738139248305605,0.6181818181818182,0.46209016393442615,Historic Data,0.4951,3.007
2011-12-16,13.376080141603055,,0,0.14602587800369685,0.8181818181818181,0.3596311475409835,Historic Data,0.4951,3.007
2011-12-17,13.511967853928573,,0,0.16666666666666666,0.7818181818181817,0.3883196721311475,Historic Data,0.4951,3.007
2011-12-18,14.732271427499999,,0,0.1709796672828096,0.7454545454545454,0.34836065573770486,Historic Data,0.4951,3.007
2011-12-19,13.774470971612905,,0,0.20640788662969806,0.9272727272727272,0.25614754098360654,Historic Data,0.4951,3.007
2011-12-20,12.709106376291793,,0,0.2563154651879236,0.6909090909090911,0.41495901639344257,Historic Data,0.4951,3.007
2011-12-21,12.148570198567334,,0,0.3758471965495995,0.9272727272727272,0.27663934426229503,Historic Data,0.4951,3.007
2011-12-22,11.839403265940055,,0,0.3758471965495995,0.8,0.42110655737704905,Historic Data,0.4951,3.007
2011-12-23,12.254989421428572,,0,0.3542821934688848,0.7636363636363637,0.4764344262295081,Historic Data,0.4951,3.007
2011-12-24,13.06531745899471,,0,0.25508317929759705,0.6727272727272728,0.4364754098360655,Historic Data,0.4951,3.007
2011-12-25,12.949428567460318,,0,0.37091805298829333,0.7272727272727273,0.5747950819672131,Historic Data,0.4951,3.007
2011-12-26,11.065576721957672,,0,0.39956869993838573,0.7454545454545454,0.5368852459016393,Historic Data,0.4951,3.007
2011-12-27,11.494944444444444,,0,0.3200862600123229,0.5636363636363637,0.3422131147540983,Historic Data,0.4951,3.007
2011-12-28,11.790656326614988,,0,0.3465804066543438,0.6181818181818182,0.596311475409836,Historic Data,0.4951,3.007
2011-12-29,12.144920396268656,,0,0.29698089956869994,0.6000000000000001,0.6793032786885246,Historic Data,0.4951,3.007
2011-12-30,12.40420924890511,,0,0.318237831176833,0.7454545454545454,0.3596311475409835,Historic Data,0.4951,3.007
2011-12-31,12.43602189513382,,0,0.38909426987061,0.8363636363636364,0.5389344262295082,Historic Data,0.4951,3.007
2012-01-01,12.46626520510949,,0,0.3897104128157733,0.8545454545454545,0.4836065573770491,Historic Data,0.4951,3.007
2012-01-02,12.7547445243309,,0,0.2350585335797905,0.6909090909090911,0.4723360655737704,Historic Data,0.4951,3.007
2012-01-03,12.74404545382775,,0,0.3841651263093038,0.709090909090909,0.8473360655737705,Historic Data,0.4951,3.007
2012-01-04,12.741140477142856,,0,0.28927911275415896,0.6363636363636365,0.7971311475409836,Historic Data,0.4951,3.007
2012-01-05,12.848078384560571,,0,0.3548983364140481,0.49090909090909096,0.9518442622950819,Historic Data,0.4951,3.007
2012-01-06,12.719621752245862,,0,0.2846580406654344,0.6363636363636365,0.38217213114754095,Historic Data,0.4951,3.007
2012-01-07,12.76545991226415,,0,0.3203943314849045,0.5272727272727273,0.5584016393442623,Historic Data,0.4951,3.007
2012-01-08,13.395569735933806,,0,0.2982131854590265,0.5818181818181818,0.34426229508196715,Historic Data,0.4951,3.007
2012-01-09,12.449049410117647,,0,0.38170055452865065,0.7454545454545454,0.394467213114754,Historic Data,0.4951,3.007
2012-01-10,11.976153838694637,,0,0.3496611213801602,0.8,0.36475409836065564,Historic Data,0.4951,3.007
2012-01-11,11.981207460606061,,0,0.3465804066543438,0.7454545454545454,0.3872950819672131,Historic Data,0.4951,3.007
2012-01-12,12.056824884331796,,0,0.38385705483672217,0.6909090909090911,0.42520491803278676,Historic Data,0.4951,3.007
2012-01-13,12.52275687591743,,0,0.1993222427603204,0.7272727272727273,0.1444672131147541,Historic Data,0.4951,3.007
2012-01-14,13.496298406833713,,0,0.1869993838570548,0.7818181818181817,0.08094262295081966,Historic Data,0.4951,3.007
2012-01-15,14.03721639476082,,0,0.19500924214417742,0.6363636363636365,0.28995901639344257,Historic Data,0.4951,3.007
2012-01-16,13.04780760738255,,0,0.20394331484904496,0.5636363636363637,0.2305327868852459,Historic Data,0.4951,3.007
2012-01-17,13.2670712688196,,0,0.18022181146025876,0.7272727272727273,0.1260245901639344,Historic Data,0.4951,3.007
2012-01-18,12.789209252863436,,0,0.3690696241528035,0.9090909090909092,0.40983606557377045,Historic Data,0.4951,3.007
2012-01-19,12.274760772413794,,0,0.35643869377695625,0.7636363636363637,0.5153688524590164,Historic Data,0.4951,3.007
2012-01-20,12.783027081041666,,0,0.311460258780037,0.6363636363636365,0.6127049180327868,Historic Data,0.4951,3.007
2012-01-21,12.735594320283976,,0,0.3823166974738139,0.5818181818181818,0.714139344262295,Historic Data,0.4951,3.007
2012-01-22,13.720799185598377,,0,0.3653727664818238,0.4545454545454546,0.5870901639344261,Historic Data,0.4951,3.007
2012-01-23,12.614123767583497,,0,0.26062846580406657,0.6363636363636365,0.37807377049180324,Historic Data,0.4951,3.007
2012-01-24,12.872251937403101,,0,0.30283425754775106,0.9454545454545453,0.19774590163934425,Historic Data,0.4951,3.007
2012-01-25,12.553495261290323,,0,0.30252618607516946,0.8545454545454545,0.34426229508196715,Historic Data,0.4951,3.007
2012-01-26,12.372054406191369,,0,0.29574861367837335,0.6727272727272728,0.4415983606557376,Historic Data,0.4951,3.007
2012-01-27,12.471985347435897,,0,0.2692544670363524,0.6363636363636365,0.32069672131147536,Historic Data,0.4951,3.007
2012-01-28,13.367956680685921,,0,0.20086260012322857,0.7818181818181817,0.24180327868852455,Historic Data,0.4951,3.007
2012-01-29,14.127586637184116,,0,0.14048059149722736,0.8363636363636364,0.14549180327868852,Historic Data,0.4951,3.007
2012-01-30,13.451978834391536,,0,0.12446087492298212,0.6545454545454545,0.1372950819672131,Historic Data,0.4951,3.007
2012-01-31,13.890518073666094,,0,0.06746765249537892,0.7454545454545454,0.22131147540983603,Historic Data,0.4951,3.007
2012-02-01,13.814964403220339,,1,0.1053604436229205,0.4363636363636365,0.5379098360655737,Historic Data,0.4951,3.007
2012-02-02,14.368799337335526,,0,0.04528650646950092,0.2909090909090908,0.46209016393442615,Historic Data,0.4951,3.007
2012-02-03,14.521274318660286,,0,0.049291435613062234,0.4363636363636365,0.20491803278688525,Historic Data,0.4951,3.007
2012-02-04,15.154135638643531,,0,0.02618607516943931,0.6727272727272728,0.19774590163934425,Historic Data,0.4951,3.007
2012-02-05,15.940238171924289,,0,0.05760936537276649,0.9636363636363636,0.07479508196721311,Historic Data,0.4951,3.007
2012-02-06,14.046691603053436,,0,0.12754158964879853,0.8909090909090911,0.036885245901639344,Historic Data,0.4951,3.007
2012-02-07,13.882766122638682,,0,0.08287122612446086,0.5818181818181818,0.2520491803278688,Historic Data,0.4951,3.007
2012-02-08,15.197053412611275,,0,0.024337646333949473,0.6363636363636365,0.3811475409836065,Historic Data,0.4951,3.007
2012-02-09,14.402453743465491,,0,0.056993222427603206,0.6909090909090911,0.06557377049180327,Historic Data,0.4951,3.007
2012-02-10,14.607209765229886,,0,0.039125077017868146,0.6909090909090911,0.19774590163934425,Historic Data,0.4951,3.007
2012-02-11,14.873677149571428,,0,0.061306223043746146,0.6363636363636365,0.07377049180327869,Historic Data,0.4951,3.007
2012-02-12,15.878634287142857,,0,0.15095502156500307,0.8181818181818181,0.16188524590163933,Historic Data,0.4951,3.007
2012-02-13,14.305450566525423,,0,0.20455945779420825,0.8545454545454545,0.31045081967213106,Historic Data,0.4951,3.007
2012-02-14,13.653157079102384,,0,0.26124460874922983,0.6000000000000001,0.42418032786885235,Historic Data,0.4951,3.007
2012-02-15,13.054147583586207,,0,0.3287122612446087,0.5454545454545454,0.5317622950819672,Historic Data,0.4951,3.007
2012-02-16,12.593323327012278,,0,0.3287122612446087,0.5636363636363637,0.3299180327868852,Historic Data,0.4951,3.007
2012-02-17,12.441717391983696,,0,0.3662969808995687,0.7454545454545454,0.35245901639344257,Historic Data,0.4951,3.007
2012-02-18,12.954642279674797,,0,0.3333333333333333,0.6545454545454545,0.5891393442622951,Historic Data,0.4951,3.007
2012-02-19,13.755036585230352,,0,0.19747381392483054,0.38181818181818183,0.3698770491803278,Historic Data,0.4951,3.007
2012-02-20,13.306266581830238,,0,0.2618607516943931,0.49090909090909096,0.3299180327868852,Historic Data,0.4951,3.007
2012-02-21,12.639691506274511,,0,0.36075169439309923,0.6000000000000001,0.4743852459016393,Historic Data,0.4951,3.007
2012-02-22,12.883607693717948,,0,0.32439926062846586,0.7454545454545454,0.6639344262295082,Historic Data,0.4951,3.007
2012-02-23,11.622128953223767,,0,0.5249537892791127,0.7454545454545454,0.46413934426229503,Historic Data,0.4951,3.007
2012-02-24,11.533195762219451,,0,0.4463955637707948,0.7272727272727273,0.42520491803278676,Historic Data,0.4951,3.007
2012-02-25,11.80607701590062,,0,0.3749229821318546,0.4363636363636365,0.2028688524590164,Historic Data,0.4951,3.007
2012-02-26,12.444221116024845,,0,0.39217498459642636,0.5636363636363637,0.1260245901639344,Historic Data,0.4951,3.007
2012-02-27,12.19642246092796,,0,0.3453481207640173,0.7636363636363637,0.3565573770491803,Historic Data,0.4951,3.007
2012-02-28,11.568446860144928,,0,0.4288354898336414,0.7818181818181817,0.25717213114754095,Historic Data,0.4951,3.007
2012-02-29,11.516667847805456,,0,0.3943314849044979,0.7636363636363637,0.23258196721311478,Historic Data,0.4951,3.007
2012-03-01,11.219012910093896,,0,0.4673444239063463,0.6727272727272728,0.08504098360655737,Historic Data,0.4951,3.007
2012-03-02,11.84731170359212,,0,0.26032039433148496,0.8727272727272728,0.1956967213114754,Historic Data,0.4951,3.007
2012-03-03,12.207922542774567,,0,0.4420825631546519,0.709090909090909,0.3381147540983606,Historic Data,0.4951,3.007
2012-03-04,13.463506358034683,,0,0.28897104128157736,0.8545454545454545,0.20389344262295078,Historic Data,0.4951,3.007
2012-03-05,12.716252002405499,,0,0.2905113986444855,0.38181818181818183,0.8002049180327868,Historic Data,0.4951,3.007
2012-03-06,13.029193692004505,,0,0.22427603203943314,0.6363636363636365,0.17725409836065573,Historic Data,0.4951,3.007
2012-03-07,12.757729392538977,,0,0.3330252618607517,0.6363636363636365,0.415983606557377,Historic Data,0.4951,3.007
2012-03-08,12.044930611453745,,0,0.3724584103512015,0.4545454545454546,0.3422131147540983,Historic Data,0.4951,3.007
2012-03-09,12.156989109803922,,0,0.3364140480591497,0.6363636363636365,0.3903688524590163,Historic Data,0.4951,3.007
2012-03-10,11.925032435891891,,0,0.4759704251386322,0.6909090909090911,0.30225409836065564,Historic Data,0.4951,3.007
2012-03-11,12.048960003351352,,0,0.48089956869993844,0.6909090909090911,0.10758196721311475,Historic Data,0.4951,3.007
2012-03-12,10.987727466383882,,0,0.4288354898336414,0.8,0.08401639344262295,Historic Data,0.4951,3.007
2012-03-13,10.996885656860707,,0,0.3373382624768947,0.7818181818181817,0.13831967213114754,Historic Data,0.4951,3.007
2012-03-14,10.992513263877552,,0,0.3841651263093038,0.6727272727272728,0.18749999999999997,Historic Data,0.4951,3.007
2012-03-15,10.969932336616916,,0,0.5191004313000616,0.709090909090909,0.12397540983606556,Historic Data,0.4951,3.007
2012-03-16,11.309622457792837,,0,0.3022181146025878,0.6000000000000001,0.40983606557377045,Historic Data,0.4951,3.007
2012-03-17,11.832222115576924,,0,0.3330252618607517,0.8,0.331967213114754,Historic Data,0.4951,3.007
2012-03-18,12.155441346442307,,0,0.30252618607516946,0.709090909090909,0.1680327868852459,Historic Data,0.4951,3.007
2012-03-19,11.055944908683474,,0,0.4106592729513247,0.4545454545454546,0.25409836065573765,Historic Data,0.4951,3.007
2012-03-20,10.730913087191217,,0,0.44793592113370306,0.5272727272727273,0.2274590163934426,Historic Data,0.4951,3.007
2012-03-21,10.380301870080142,,0,0.48305606900800985,0.4363636363636365,0.17110655737704916,Historic Data,0.4951,3.007
2012-03-22,10.204812933129372,,0,0.488909426987061,0.5272727272727273,0.3596311475409835,Historic Data,0.4951,3.007
2012-03-23,10.123756981371718,,0,0.6019716574245225,0.5636363636363637,0.08299180327868852,Historic Data,0.4951,3.007
2012-03-24,10.227772918923465,,0,0.5819470117067159,0.5636363636363637,0.19672131147540983,Historic Data,0.4951,3.007
2012-03-25,10.69785786568545,,0,0.5619223659889094,0.509090909090909,0.2715163934426229,Historic Data,0.4951,3.007
2012-03-25,10.69785786568545,,0,0.42667898952556993,0.6363636363636365,0.24385245901639344,Historic Data,0.4951,3.007
2012-03-26,9.984955945303408,,0,0.5643869377695626,0.18181818181818188,0.19364754098360654,Historic Data,0.4951,3.007
2012-03-27,9.567693507313065,,0,0.6531115218730745,0.10909090909090913,0.06352459016393441,Historic Data,0.4951,3.007
2012-03-28,9.530815149185667,,0,0.59211337030191,0.3272727272727274,0.15983606557377047,Historic Data,0.4951,3.007
2012-03-29,9.341878049024391,,0,0.5292667898952558,0.509090909090909,0.11065573770491802,Historic Data,0.4951,3.007
2012-03-30,9.343317887073171,,0,0.3434996919285274,0.509090909090909,0.3186475409836065,Historic Data,0.4951,3.007
2012-03-31,10.42335332204214,,0,0.3986444855206408,0.3272727272727274,0.09733606557377047,Historic Data,0.4951,3.007
2012-04-01,10.746523076842104,,0,0.46518792359827477,0.36363636363636376,0.09631147540983605,Historic Data,0.4951,3.007
2012-04-02,9.926288639905362,,0,0.39987677141096734,0.5818181818181818,0.15573770491803277,Historic Data,0.4951,3.007
2012-04-03,10.16470255693261,,0,0.3154651879235983,0.5818181818181818,0.08504098360655737,Historic Data,0.4951,3.007
2012-04-04,10.250397116021261,,0,0.2766481823783118,0.6000000000000001,0.45081967213114743,Historic Data,0.4951,3.007
2012-04-05,10.64523340671141,,0,0.38016019716574245,0.40000000000000013,0.23360655737704913,Historic Data,0.4951,3.007
2012-04-06,10.556476904694486,,1,0.32470733210104746,0.5818181818181818,0.19364754098360654,Historic Data,0.4951,3.007
2012-04-07,10.313023116480238,,0,0.4048059149722736,0.6909090909090911,0.2715163934426229,Historic Data,0.4951,3.007
2012-04-08,10.616332834850747,,0,0.33487369069624157,0.8363636363636364,0.5840163934426229,Historic Data,0.4951,3.007
2012-04-09,10.632938106860552,,0,0.39926062846580407,0.49090909090909096,0.4918032786885245,Historic Data,0.4951,3.007
2012-04-10,9.91865182430657,,0,0.39956869993838573,0.49090909090909096,0.15061475409836064,Historic Data,0.4951,3.007
2012-04-11,10.063980040199572,,0,0.3755391250770179,0.6181818181818182,0.11372950819672131,Historic Data,0.4951,3.007
2012-04-12,10.115361746569645,,0,0.3721503388786198,0.6181818181818182,0.046106557377049176,Historic Data,0.4951,3.007
2012-04-13,10.0172454382691,,0,0.35982747997535425,0.5272727272727273,0.3288934426229508,Historic Data,0.4951,3.007
2012-04-14,10.255278372029373,,0,0.2828096118299445,0.4181818181818182,0.4559426229508196,Historic Data,0.4951,3.007
2012-04-15,11.12634646328438,,0,0.33887861983980283,0.2909090909090908,0.03995901639344261,Historic Data,0.4951,3.007
2012-04-16,10.444852068346254,,0,0.42606284658040666,0.509090909090909,0.48565573770491804,Historic Data,0.4951,3.007
2012-04-17,10.617443401438399,,0,0.31022797288971043,0.8,0.5020491803278688,Historic Data,0.4951,3.007
2012-04-18,10.793320802425713,,0,0.3077634011090573,0.8727272727272728,0.3668032786885245,Historic Data,0.4951,3.007
2012-04-19,10.692765469770183,,0,0.38570548367221197,0.7272727272727273,0.3155737704918032,Historic Data,0.4951,3.007
2012-04-20,10.284972445235361,,0,0.3853974121996303,0.5454545454545454,0.3514344262295081,Historic Data,0.4951,3.007
2012-04-21,10.237361109977325,,0,0.43407270486752925,0.6363636363636365,0.42520491803278676,Historic Data,0.4951,3.007
2012-04-22,10.675958023936472,,0,0.2997535428219347,0.7818181818181817,0.22540983606557374,Historic Data,0.4951,3.007
2012-04-23,10.233298951351351,,0,0.38632162661737524,0.6000000000000001,0.27766393442622944,Historic Data,0.4951,3.007
2012-04-24,10.032602790821256,,0,0.36968576709796674,0.8181818181818181,0.5368852459016393,Historic Data,0.4951,3.007
2012-04-25,10.497288633368257,,0,0.4297597042513864,0.6181818181818182,0.7592213114754098,Historic Data,0.4951,3.007
2012-04-26,9.912728388900256,,0,0.45902649414664204,0.6181818181818182,0.40368852459016386,Historic Data,0.4951,3.007
2012-04-27,9.659546580079287,,0,0.3108441158348737,0.8909090909090911,0.4815573770491803,Historic Data,0.4951,3.007
2012-04-28,10.718921831415928,,0,0.46056685150955023,0.7818181818181817,0.4897540983606557,Historic Data,0.4951,3.007
2012-04-29,11.558543488452088,,0,0.5301910043130006,0.4545454545454546,0.4600409836065573,Historic Data,0.4951,3.007
2012-04-30,9.337549976409285,,0,0.5329636475662354,0.7454545454545454,0.16905737704918034,Historic Data,0.4951,3.007
2012-05-01,9.206823692561983,,0,0.42729513247073325,0.7636363636363637,0.31762295081967207,Historic Data,0.4951,3.007
2012-05-02,9.285732143080358,,0,0.28496611213801604,0.8545454545454545,0.25614754098360654,Historic Data,0.4951,3.007
2012-05-03,10.01893591717524,,0,0.2797288971041282,0.7818181818181817,0.24180327868852455,Historic Data,0.4951,3.007
2012-05-04,9.99838708130881,,0,0.30098582871226126,0.5454545454545454,0.41803278688524587,Historic Data,0.4951,3.007
2012-05-05,10.231546034917269,,0,0.25970425138632164,0.5818181818181818,0.26127049180327866,Historic Data,0.4951,3.007
2012-05-06,10.6318134,,1,0.44793592113370306,0.709090909090909,0.23975409836065573,Historic Data,0.4951,3.007
2012-05-07,10.51264646036456,,0,0.5329636475662354,0.709090909090909,0.3002049180327868,Historic Data,0.4951,3.007
2012-05-08,9.218983752558895,,0,0.46950092421441775,0.8909090909090911,0.29303278688524587,Historic Data,0.4951,3.007
2012-05-09,9.48135499318542,,0,0.5292667898952558,0.8545454545454545,0.6547131147540983,Historic Data,0.4951,3.007
2012-05-10,9.198219257463263,,0,0.4910659272951325,0.38181818181818183,0.5010245901639344,Historic Data,0.4951,3.007
2012-05-11,8.729915572532834,,0,0.4467036352433765,0.2727272727272727,0.24590163934426226,Historic Data,0.4951,3.007
2012-05-12,9.152305027858473,,0,0.5027726432532348,0.34545454545454546,0.31659836065573765,Historic Data,0.4951,3.007
2012-05-13,9.497021229385474,,0,0.35335797905113986,0.6727272727272728,0.4467213114754097,Historic Data,0.4951,3.007
2012-05-14,9.188819624603173,,0,0.34904497843499693,0.6909090909090911,0.37807377049180324,Historic Data,0.4951,3.007
2012-05-15,9.454046632538569,,0,0.4165126309303759,0.38181818181818183,0.25102459016393436,Historic Data,0.4951,3.007
2012-05-16,8.096790305431421,,0,0.43499691928527423,0.4181818181818182,0.23770491803278684,Historic Data,0.4951,3.007
2012-05-17,8.816307178731218,,0,0.48767714109673443,0.6181818181818182,0.20389344262295078,Historic Data,0.4951,3.007
2012-05-18,8.926112950016229,,0,0.507701786814541,0.6363636363636365,0.04200819672131147,Historic Data,0.4951,3.007
2012-05-19,9.00107697252818,,0,0.37707948243992606,0.709090909090909,0.423155737704918,Historic Data,0.4951,3.007
2012-05-20,9.790544752285898,,0,0.5015403573629081,0.709090909090909,0.44364754098360654,Historic Data,0.4951,3.007
2012-05-21,8.813533917849329,,0,0.7544670363524337,0.5818181818181818,0.3872950819672131,Historic Data,0.4951,3.007
2012-05-22,8.227850837229832,,0,0.7834257547751079,0.5818181818181818,0.2028688524590164,Historic Data,0.4951,3.007
2012-05-23,8.031598925634139,,0,0.785890326555761,0.6363636363636365,0.17725409836065573,Historic Data,0.4951,3.007
2012-05-24,7.960995596418086,,0,0.7455329636475663,0.38181818181818183,0.4795081967213114,Historic Data,0.4951,3.007
2012-05-25,7.963798959792028,,0,0.7609365372766482,0.2727272727272727,0.507172131147541,Historic Data,0.4951,3.007
2012-05-26,8.124223725107976,,0,0.8022181146025879,0.23636363636363655,0.31762295081967207,Historic Data,0.4951,3.007
2012-05-27,8.439693148503167,,0,0.7898952556993222,0.34545454545454546,0.052254098360655726,Historic Data,0.4951,3.007
2012-05-28,8.101152928538943,,0,0.6910043130006162,0.5454545454545454,0.08811475409836066,Historic Data,0.4951,3.007
2012-05-29,8.005065527779333,,0,0.7446087492298213,0.5272727272727273,0.22233606557377047,Historic Data,0.4951,3.007
2012-05-30,7.968315075103734,,0,0.6038200862600123,0.6000000000000001,0.42110655737704905,Historic Data,0.4951,3.007
2012-05-31,8.069431024700108,,0,0.6204559457794208,0.6363636363636365,0.06557377049180327,Historic Data,0.4951,3.007
2012-06-01,8.146023406160882,,0,0.5422057917436846,0.6909090909090911,0.46209016393442615,Historic Data,0.4951,3.007
2012-06-02,8.446874364073777,,0,0.3773875539125077,0.9454545454545453,0.4446721311475409,Historic Data,0.4951,3.007
2012-06-03,9.30320213946524,,0,0.4297597042513864,0.6545454545454545,0.3247950819672131,Historic Data,0.4951,3.007
2012-06-04,8.837111734937181,,1,0.46395563770794823,0.709090909090909,0.3299180327868852,Historic Data,0.4951,3.007
2012-06-05,9.226317830553329,,0,0.5603820086260012,0.709090909090909,0.4487704918032786,Historic Data,0.4951,3.007
2012-06-06,8.425714512664907,,0,0.5345040049291435,0.7818181818181817,0.41393442622950816,Historic Data,0.4951,3.007
2012-06-07,8.751595465616045,,0,0.4691928527418361,0.6363636363636365,0.8647540983606558,Historic Data,0.4951,3.007
2012-06-08,8.807170831821695,,0,0.5539125077017869,0.3272727272727274,0.6577868852459016,Historic Data,0.4951,3.007
2012-06-09,8.55402558917605,,0,0.532347504621072,0.6363636363636365,0.13934426229508196,Historic Data,0.4951,3.007
2012-06-10,9.117167904171998,,0,0.4109673444239063,0.9454545454545453,0.4272540983606557,Historic Data,0.4951,3.007
2012-06-11,9.444557274556514,,0,0.39833641404805914,0.7272727272727273,0.3575819672131147,Historic Data,0.4951,3.007
2012-06-12,9.158374310085298,,0,0.5412815773259396,0.4363636363636365,0.08299180327868852,Historic Data,0.4951,3.007
2012-06-13,6.989766382566283,,0,0.558841651263093,0.509090909090909,0.45081967213114743,Historic Data,0.4951,3.007
2012-06-14,8.145492644103227,,0,0.5437461491065927,0.6363636363636365,0.48770491803278676,Historic Data,0.4951,3.007
2012-06-15,7.227600562026613,,0,0.5400492914356131,0.5272727272727273,0.7274590163934426,Historic Data,0.4951,3.007
2012-06-16,7.797470794808004,,0,0.600739371534196,0.4363636363636365,0.47745901639344257,Historic Data,0.4951,3.007
2012-06-17,8.905750001175319,,0,0.5831792975970426,0.5454545454545454,0.22438524590163933,Historic Data,0.4951,3.007
2012-06-18,8.326652163174527,,0,0.6287738755391251,0.4545454545454546,0.18135245901639344,Historic Data,0.4951,3.007
2012-06-19,8.120382864932235,,0,0.6537276648182379,0.38181818181818183,0.24897540983606556,Historic Data,0.4951,3.007
2012-06-20,8.035481051991312,,0,0.5896487985212568,0.7454545454545454,0.26127049180327866,Historic Data,0.4951,3.007
2012-06-21,8.405077312524085,,0,0.541897720271103,0.6363636363636365,0.7008196721311475,Historic Data,0.4951,3.007
2012-06-22,8.449993268165425,,0,0.5600739371534196,0.509090909090909,0.548155737704918,Historic Data,0.4951,3.007
2012-06-23,8.609543842381408,,0,0.614294516327788,0.6181818181818182,0.4344262295081967,Historic Data,0.4951,3.007
2012-06-24,8.993217296741735,,0,0.6534195933456561,0.49090909090909096,0.22028688524590162,Historic Data,0.4951,3.007
2012-06-25,8.268517101769913,,0,0.7079482439926064,0.47272727272727266,0.2684426229508196,Historic Data,0.4951,3.007
2012-06-26,8.229371565137395,,0,0.6999383857054837,0.709090909090909,0.28073770491803274,Historic Data,0.4951,3.007
2012-06-27,8.256146300692125,,0,0.8385705483672212,0.5818181818181818,0.28995901639344257,Historic Data,0.4951,3.007
2012-06-28,8.13416237460658,,0,0.6475662353666051,0.5818181818181818,0.6188524590163934,Historic Data,0.4951,3.007
2012-06-29,8.20298928261491,,0,0.621996303142329,0.509090909090909,0.5696721311475409,Historic Data,0.4951,3.007
2012-06-30,8.17816464775481,,0,0.5526802218114603,0.49090909090909096,0.497950819672131,Historic Data,0.4951,3.007
2012-07-01,8.68717965860266,,0,0.5434380776340111,0.7272727272727273,0.4415983606557376,Historic Data,0.4951,3.007
2012-07-02,8.57434107323481,,0,0.5813308687615526,0.8545454545454545,0.35245901639344257,Historic Data,0.4951,3.007
2012-07-03,8.326741596148459,,0,0.6623536660505238,0.7636363636363637,0.3227459016393442,Historic Data,0.4951,3.007
2012-07-04,8.226530034935218,,0,0.6897720271102895,0.509090909090909,0.11782786885245902,Historic Data,0.4951,3.007
2012-07-05,8.08792295271389,,1,0.5779420825631546,0.709090909090909,0.2315573770491803,Historic Data,0.4951,3.007
2012-07-06,8.197726801216216,,0,0.5764017252002465,0.6909090909090911,0.32069672131147536,Historic Data,0.4951,3.007
2012-07-07,8.445385061270903,,0,0.5800985828712261,0.8363636363636364,0.09016393442622951,Historic Data,0.4951,3.007
2012-07-08,9.079390858283167,,0,0.55637707948244,0.7636363636363637,0.3186475409836065,Historic Data,0.4951,3.007
2012-07-09,8.496319241633643,,0,0.5397412199630315,0.7454545454545454,0.32069672131147536,Historic Data,0.4951,3.007
2012-07-10,8.334662526928104,,0,0.5794824399260629,0.6545454545454545,0.3924180327868852,Historic Data,0.4951,3.007
2012-07-11,8.212896268816046,,0,0.5770178681454098,0.6727272727272728,0.31454918032786877,Historic Data,0.4951,3.007
2012-07-12,8.240253632115383,,0,0.5951940850277265,0.7272727272727273,0.449795081967213,Historic Data,0.4951,3.007
2012-07-13,8.228490772873807,,0,0.5083179297597042,0.8181818181818181,0.15163934426229506,Historic Data,0.4951,3.007
2012-07-14,8.595460663003585,,0,0.5643869377695626,0.47272727272727266,0.3329918032786885,Historic Data,0.4951,3.007
2012-07-15,8.63847563729171,,0,0.5274183610597658,0.7636363636363637,0.5194672131147541,Historic Data,0.4951,3.007
2012-07-16,8.57282552721519,,0,0.6931608133086876,0.6181818181818182,0.4815573770491803,Historic Data,0.4951,3.007
2012-07-17,8.14688248964135,,0,0.5723967960566851,0.7636363636363637,0.5225409836065573,Historic Data,0.4951,3.007
2012-07-18,8.26354165777262,,0,0.6235366605052373,0.5454545454545454,0.4313524590163934,Historic Data,0.4951,3.007
2012-07-19,8.127790206226257,,0,0.5492914356130623,0.6545454545454545,0.13524590163934425,Historic Data,0.4951,3.007
2012-07-20,8.234110854120127,,0,0.6146025878003697,0.49090909090909096,0.07172131147540983,Historic Data,0.4951,3.007
2012-07-21,8.138008219915701,,0,0.7060998151571164,0.4181818181818182,0.2868852459016393,Historic Data,0.4951,3.007
2012-07-22,8.242208850790306,,0,0.8391866913123844,0.2727272727272727,0.30840163934426224,Historic Data,0.4951,3.007
2012-07-23,7.992941226353487,,0,0.8743068391866913,0.2727272727272727,0.06864754098360655,Historic Data,0.4951,3.007
2012-07-24,7.914892729315069,,0,0.9066543438077634,0.2545454545454544,0.0625,Historic Data,0.4951,3.007
2012-07-25,7.999864095575221,,0,0.8163894023413433,0.3272727272727274,0.2663934426229507,Historic Data,0.4951,3.007
2012-07-26,7.914685985900948,,0,0.7347504621072088,0.5818181818181818,0.13114754098360654,Historic Data,0.4951,3.007
2012-07-27,8.224382898062343,,0,0.6515711645101664,0.21818181818181825,0.23770491803278684,Historic Data,0.4951,3.007
2012-07-28,8.094585421276596,,0,0.5539125077017869,0.5818181818181818,0.34118852459016386,Historic Data,0.4951,3.007
2012-07-29,8.566786014427127,,0,0.6084411583487369,0.40000000000000013,0.4118852459016393,Historic Data,0.4951,3.007
2012-07-30,8.081812342754844,,0,0.6238447319778189,0.7454545454545454,0.28995901639344257,Historic Data,0.4951,3.007
2012-07-31,8.20502271745898,,0,0.6971657424522489,0.6545454545454545,0.31147540983606553,Historic Data,0.4951,3.007
2012-08-01,8.06490363972228,,0,0.6577325939617991,0.5636363636363637,0.46209016393442615,Historic Data,0.4951,3.007
2012-08-02,7.965542814496108,,0,0.6725200246457178,0.5454545454545454,0.4272540983606557,Historic Data,0.4951,3.007
2012-08-03,7.995904221865155,,0,0.6500308071472581,0.6181818181818182,0.38627049180327866,Historic Data,0.4951,3.007
2012-08-04,8.15483637878597,,0,0.6392483056069008,0.6545454545454545,0.2079918032786885,Historic Data,0.4951,3.007
2012-08-05,8.666727731680673,,0,0.6472581638940234,0.6181818181818182,0.31352459016393436,Historic Data,0.4951,3.007
2012-08-06,8.267403905377021,,0,0.5970425138632163,0.6363636363636365,0.37192622950819665,Historic Data,0.4951,3.007
2012-08-07,8.213259609808864,,0,0.7042513863216266,0.6181818181818182,0.1567622950819672,Historic Data,0.4951,3.007
2012-08-08,8.003545264083177,,0,0.800369685767098,0.47272727272727266,0.032786885245901634,Historic Data,0.4951,3.007
2012-08-09,7.971071203759714,,0,0.7717190388170055,0.49090909090909096,0.035860655737704916,Historic Data,0.4951,3.007
2012-08-10,7.967111764516806,,0,0.7076401725200246,0.4363636363636365,0.42008196721311464,Historic Data,0.4951,3.007
2012-08-11,8.029549159831934,,0,0.7760320394331485,0.49090909090909096,0.22848360655737704,Historic Data,0.4951,3.007
2012-08-12,8.401441806596639,,0,0.7005545286506469,0.6545454545454545,0.27868852459016386,Historic Data,0.4951,3.007
2012-08-13,8.083907162297837,,0,0.7402957486136783,0.5818181818181818,0.2161885245901639,Historic Data,0.4951,3.007
2012-08-14,7.888000421088006,,0,0.6971657424522489,0.6181818181818182,0.25307377049180324,Historic Data,0.4951,3.007
2012-08-15,8.094527200294056,,0,0.6694393099199015,0.509090909090909,0.4118852459016393,Historic Data,0.4951,3.007
2012-08-16,7.958180881743697,,0,0.8407270486752927,0.36363636363636376,0.3596311475409835,Historic Data,0.4951,3.007
2012-08-17,7.773145378445379,,0,0.9217498459642637,0.2909090909090908,0.20184426229508193,Historic Data,0.4951,3.007
2012-08-18,8.014850178566926,,0,0.8915588416512631,0.5272727272727273,0.05737704918032786,Historic Data,0.4951,3.007
2012-08-19,8.410628702815718,,0,0.7578558225508317,0.5818181818181818,0.2643442622950819,Historic Data,0.4951,3.007
2012-08-20,8.143004834552332,,0,0.6823783117683303,0.5818181818181818,0.23975409836065573,Historic Data,0.4951,3.007
2012-08-21,7.942754463116992,,0,0.6635859519408502,0.5272727272727273,0.45081967213114743,Historic Data,0.4951,3.007
2012-08-22,7.845714045643502,,0,0.680837954405422,0.49090909090909096,0.24590163934426226,Historic Data,0.4951,3.007
2012-08-23,7.823503463405417,,0,0.6263093037584719,0.6000000000000001,0.27459016393442615,Historic Data,0.4951,3.007
2012-08-24,7.899372664077262,,0,0.6466420209488601,0.8181818181818181,0.38319672131147536,Historic Data,0.4951,3.007
2012-08-25,8.124167996367072,,0,0.6491065927295133,0.47272727272727266,0.42930327868852447,Historic Data,0.4951,3.007
2012-08-26,8.100649444402437,,0,0.6484904497843499,0.5818181818181818,0.37090163934426224,Historic Data,0.4951,3.007
2012-08-27,8.3152787226423,,1,0.6950092421441775,0.5818181818181818,0.40676229508196715,Historic Data,0.4951,3.007
2012-08-28,8.048102687631246,,0,0.6084411583487369,0.7636363636363637,0.4047131147540983,Historic Data,0.4951,3.007
2012-08-29,8.294930911822762,,0,0.523105360443623,0.6727272727272728,0.25102459016393436,Historic Data,0.4951,3.007
2012-08-30,8.337312538479312,,0,0.547751078250154,0.3090909090909091,0.30840163934426224,Historic Data,0.4951,3.007
2012-08-31,8.098455901343973,,0,0.6343191620455946,0.5272727272727273,0.23872950819672126,Historic Data,0.4951,3.007
2012-09-01,8.300149548414199,,0,0.5671595810227973,0.8,0.298155737704918,Historic Data,0.4951,3.007
2012-09-02,9.001514699307014,,0,0.751694393099199,0.5272727272727273,0.09733606557377047,Historic Data,0.4951,3.007
2012-09-03,8.364258978554926,,0,0.7655576093653728,0.6181818181818182,0.17418032786885243,Historic Data,0.4951,3.007
2012-09-04,8.338471971341592,,1,0.6170671595810228,0.3090909090909091,0.31352459016393436,Historic Data,0.4951,3.007
2012-09-05,8.157019517418679,,0,0.6414048059149723,0.4363636363636365,0.17213114754098358,Historic Data,0.4951,3.007
2012-09-06,8.07335405306594,,0,0.7954405422057917,0.36363636363636376,0.28381147540983603,Historic Data,0.4951,3.007
2012-09-07,8.03635264479429,,0,0.8373382624768947,0.34545454545454546,0.1219262295081967,Historic Data,0.4951,3.007
2012-09-08,8.235763433291353,,0,0.8576709796672829,0.4363636363636365,0.28381147540983603,Historic Data,0.4951,3.007
2012-09-09,8.592375105100755,,0,0.6244608749229822,0.6363636363636365,0.5625,Historic Data,0.4951,3.007
2012-09-10,8.511590050356844,,0,0.5508317929759704,0.34545454545454546,0.4754098360655737,Historic Data,0.4951,3.007
2012-09-11,8.237315004302204,,0,0.5539125077017869,0.5272727272727273,0.38217213114754095,Historic Data,0.4951,3.007
2012-09-12,8.27887156851037,,0,0.5452865064695009,0.4545454545454546,0.27868852459016386,Historic Data,0.4951,3.007
2012-09-13,8.232557366812957,,0,0.6392483056069008,0.4545454545454546,0.5348360655737705,Historic Data,0.4951,3.007
2012-09-14,8.292168297979588,,0,0.6524953789279113,0.49090909090909096,0.27356557377049173,Historic Data,0.4951,3.007
2012-09-15,8.40120266625703,,0,0.5659272951324708,0.6000000000000001,0.37704918032786877,Historic Data,0.4951,3.007
2012-09-16,9.01801874275302,,0,0.5785582255083179,0.509090909090909,0.3934426229508196,Historic Data,0.4951,3.007
2012-09-17,8.565412008550725,,0,0.5314232902033272,0.38181818181818183,0.42930327868852447,Historic Data,0.4951,3.007
2012-09-18,8.485856671396164,,0,0.5040049291435613,0.36363636363636376,0.353483606557377,Historic Data,0.4951,3.007
2012-09-19,8.54859403382716,,0,0.5372766481823783,0.49090909090909096,0.3043032786885245,Historic Data,0.4951,3.007
2012-09-20,8.636601231651282,,0,0.5046210720887246,0.6000000000000001,0.13012295081967212,Historic Data,0.4951,3.007
2012-09-21,8.806403232344516,,0,0.48305606900800985,0.47272727272727266,0.18237704918032785,Historic Data,0.4951,3.007
2012-09-22,8.992761456301146,,0,0.3810844115834874,0.7818181818181817,0.4364754098360655,Historic Data,0.4951,3.007
2012-09-23,10.485012890710047,,0,0.470117067159581,0.8181818181818181,0.23872950819672126,Historic Data,0.4951,3.007
2012-09-24,9.620135633969543,,0,0.4784349969192853,0.6363636363636365,0.4836065573770491,Historic Data,0.4951,3.007
2012-09-25,9.220817832644377,,0,0.4682686383240912,0.8181818181818181,0.24282786885245897,Historic Data,0.4951,3.007
2012-09-26,9.344980835364131,,0,0.5135551447935921,0.709090909090909,0.20184426229508193,Historic Data,0.4951,3.007
2012-09-27,9.254598394176707,,0,0.5277264325323475,0.7636363636363637,0.3975409836065573,Historic Data,0.4951,3.007
2012-09-28,9.254501698001997,,0,0.4895255699322243,0.5818181818181818,0.3237704918032786,Historic Data,0.4951,3.007
2012-09-29,9.38299500593288,,0,0.5089340727048676,0.6909090909090911,0.45081967213114743,Historic Data,0.4951,3.007
2012-09-30,10.149784415584415,,0,0.5021565003080715,0.8363636363636364,0.4477459016393442,Historic Data,0.4951,3.007
2012-10-01,9.590295030218687,,0,0.5083179297597042,0.7636363636363637,0.5010245901639344,Historic Data,0.4951,3.007
2012-10-02,9.403859596307267,,0,0.4436229205175601,0.6727272727272728,0.4559426229508196,Historic Data,0.4951,3.007
2012-10-03,9.395128221238938,,0,0.4636475662353666,0.6545454545454545,0.353483606557377,Historic Data,0.4951,3.007
2012-10-04,9.343517641513133,,0,0.4824399260628466,0.7818181818181817,0.2868852459016393,Historic Data,0.4951,3.007
2012-10-05,9.562599961754934,,0,0.46056685150955023,0.7272727272727273,0.15881147540983606,Historic Data,0.4951,3.007
2012-10-06,9.570758008730468,,0,0.4220579174368454,0.8,0.020491803278688523,Historic Data,0.4951,3.007
2012-10-07,10.212828353719978,,0,0.37831176833025265,0.8909090909090911,0.2346311475409836,Historic Data,0.4951,3.007
2012-10-08,10.128246122265322,,0,0.4402341343191621,0.709090909090909,0.2520491803278688,Historic Data,0.4951,3.007
2012-10-09,9.641868389810885,,0,0.4371534195933457,0.5636363636363637,0.20081967213114754,Historic Data,0.4951,3.007
2012-10-10,9.636371583596457,,0,0.46025878003696863,0.8363636363636364,0.3073770491803278,Historic Data,0.4951,3.007
2012-10-11,10.005707727104054,,0,0.4553296364756624,0.5818181818181818,0.5348360655737705,Historic Data,0.4951,3.007
2012-10-12,9.611995628373242,,0,0.3570548367221195,0.7454545454545454,0.2028688524590164,Historic Data,0.4951,3.007
2012-10-13,10.097390610359247,,0,0.38139248305606904,0.6727272727272728,0.22131147540983603,Historic Data,0.4951,3.007
2012-10-14,10.74569264348983,,0,0.4032655576093654,0.7454545454545454,0.28381147540983603,Historic Data,0.4951,3.007
2012-10-15,10.20208126588369,,0,0.45594577942082565,0.5636363636363637,0.5297131147540983,Historic Data,0.4951,3.007
2012-10-16,9.875233717594865,,0,0.5132470733210105,0.709090909090909,0.456967213114754,Historic Data,0.4951,3.007
2012-10-17,9.77540481074986,,0,0.4959950708564387,0.7636363636363637,0.40778688524590156,Historic Data,0.4951,3.007
2012-10-18,9.611267576495887,,0,0.4088108441158349,0.9454545454545453,0.03176229508196721,Historic Data,0.4951,3.007
2012-10-19,10.15502473129416,,0,0.433456561922366,0.8727272727272728,0.06762295081967212,Historic Data,0.4951,3.007
2012-10-20,10.14184036474633,,0,0.3841651263093038,0.9272727272727272,0.3247950819672131,Historic Data,0.4951,3.007
2012-10-21,10.951931969814126,,0,0.45563770794824404,1.0,0.24282786885245897,Historic Data,0.4951,3.007
2012-10-22,10.223638782031394,,0,0.43468884781269257,0.9636363636363636,0.21516393442622947,Historic Data,0.4951,3.007
2012-10-23,10.080434846480426,,0,0.5003080714725816,0.8909090909090911,0.3329918032786885,Historic Data,0.4951,3.007
2012-10-24,9.784203703447012,,0,0.4211337030191004,0.8727272727272728,0.5081967213114754,Historic Data,0.4951,3.007
2012-10-25,10.06168575535291,,0,0.31330868761552677,0.6545454545454545,0.5112704918032787,Historic Data,0.4951,3.007
2012-10-26,10.663071014094204,,0,0.23844731977818853,0.6545454545454545,0.5727459016393442,Historic Data,0.4951,3.007
2012-10-27,11.299429710326088,,0,0.28434996919285277,0.8181818181818181,0.3002049180327868,Historic Data,0.4951,3.007
2012-10-29,11.005619020471014,,0,0.38385705483672217,0.8363636363636364,0.28176229508196715,Historic Data,0.4951,3.007
2012-10-30,10.808533792788548,,0,0.33826247689463956,0.7454545454545454,0.22233606557377047,Historic Data,0.4951,3.007
2012-10-31,10.826462220619677,,0,0.3826247689463956,0.6545454545454545,0.5245901639344263,Historic Data,0.4951,3.007
2012-11-01,10.78168858606884,,0,0.3548983364140481,0.7636363636363637,0.3965163934426229,Historic Data,0.4951,3.007
2012-11-02,11.026956710777034,,0,0.3031423290203327,0.6181818181818182,0.42110655737704905,Historic Data,0.4951,3.007
2012-11-03,11.392886070041659,,0,0.2929759704251386,0.6545454545454545,0.3032786885245901,Historic Data,0.4951,3.007
2012-11-04,12.618036044086217,,0,0.2689463955637708,0.8909090909090911,0.03995901639344261,Historic Data,0.4951,3.007
2012-11-05,11.390521558840579,,0,0.28496611213801604,0.7272727272727273,0.19364754098360654,Historic Data,0.4951,3.007
2012-11-06,11.532459992487327,,0,0.2997535428219347,0.8,0.34631147540983603,Historic Data,0.4951,3.007
2012-11-07,11.246270093320058,,0,0.3077634011090573,0.7818181818181817,0.40983606557377045,Historic Data,0.4951,3.007
2012-11-08,10.945955830104996,,0,0.3820086260012323,0.6363636363636365,0.360655737704918,Historic Data,0.4951,3.007
2012-11-09,10.933946624895965,,0,0.34904497843499693,0.6727272727272728,0.3043032786885245,Historic Data,0.4951,3.007
2012-11-10,11.421789797774963,,0,0.3194701170671596,0.8727272727272728,0.2233606557377049,Historic Data,0.4951,3.007
2012-11-11,12.024949708954413,,0,0.30591497227356745,0.8181818181818181,0.18237704918032785,Historic Data,0.4951,3.007
2012-11-12,11.402977572381985,,0,0.37707948243992606,0.8909090909090911,0.29303278688524587,Historic Data,0.4951,3.007
2012-11-13,10.704661240586,,0,0.4534812076401725,0.8181818181818181,0.31045081967213106,Historic Data,0.4951,3.007
2012-11-14,10.686837247775768,,0,0.39063462723351816,0.7818181818181817,0.17008196721311475,Historic Data,0.4951,3.007
2012-11-15,10.939482095081374,,0,0.2812692544670364,0.8909090909090911,0.043032786885245894,Historic Data,0.4951,3.007
2012-11-16,11.27753453880651,,0,0.28496611213801604,0.8909090909090911,0.1844262295081967,Historic Data,0.4951,3.007
2012-11-17,11.489669679985536,,0,0.38508934072704865,0.8181818181818181,0.1526639344262295,Historic Data,0.4951,3.007
2012-11-18,12.082729885789188,,0,0.29205175600739375,0.709090909090909,0.053278688524590154,Historic Data,0.4951,3.007
2012-11-19,11.406281271710052,,0,0.3478126925446704,0.709090909090909,0.40266393442622944,Historic Data,0.4951,3.007
2012-11-20,11.104792479501086,,0,0.4165126309303759,0.8545454545454545,0.5676229508196721,Historic Data,0.4951,3.007
2012-11-21,11.323918474258857,,0,0.3675292667898952,0.8727272727272728,0.2684426229508196,Historic Data,0.4951,3.007
2012-11-22,10.999051357486438,,0,0.4051139864448552,0.6909090909090911,0.7561475409836065,Historic Data,0.4951,3.007
2012-11-23,11.014705372146862,,0,0.3314849044978435,0.8363636363636364,0.25717213114754095,Historic Data,0.4951,3.007
2012-11-24,12.094914814035086,,0,0.30714725816389404,0.9818181818181817,0.3309426229508196,Historic Data,0.4951,3.007
2012-11-25,12.185806184487433,,0,0.38817005545286504,0.6909090909090911,0.6495901639344261,Historic Data,0.4951,3.007
2012-11-26,11.508233272983725,,0,0.33117683302526185,0.8727272727272728,0.11168032786885246,Historic Data,0.4951,3.007
2012-11-27,11.6814518979566,,0,0.26278496611213803,0.8545454545454545,0.3872950819672131,Historic Data,0.4951,3.007
2012-11-28,11.964667871234859,,0,0.21410967344423903,0.7272727272727273,0.5092213114754098,Historic Data,0.4951,3.007
2012-11-29,12.060980835960947,,0,0.18176216882316695,0.7272727272727273,0.3073770491803278,Historic Data,0.4951,3.007
2012-11-30,12.300572694104883,,0,0.13647566235366604,0.8181818181818181,0.13831967213114754,Historic Data,0.4951,3.007
2012-12-01,13.121752440741412,,0,0.17837338262476896,0.8181818181818181,0.25409836065573765,Historic Data,0.4951,3.007
2012-12-02,13.715528944808248,,0,0.14849044978434994,0.7454545454545454,0.19467213114754098,Historic Data,0.4951,3.007
2012-12-03,12.393292202569205,,0,0.3166974738139249,0.8,0.3432377049180327,Historic Data,0.4951,3.007
2012-12-04,12.268467703220553,,0,0.23998767714109673,0.709090909090909,0.4262295081967213,Historic Data,0.4951,3.007
2012-12-05,12.736527133918234,,0,0.12168823166974738,0.7454545454545454,0.2920081967213114,Historic Data,0.4951,3.007
2012-12-06,13.005750001573807,,0,0.15095502156500307,0.7454545454545454,0.2940573770491803,Historic Data,0.4951,3.007
2012-12-07,12.827951519880607,,0,0.19685767097966728,0.6727272727272728,0.5563524590163934,Historic Data,0.4951,3.007
2012-12-08,12.786986796057151,,0,0.20086260012322857,0.7272727272727273,0.1987704918032787,Historic Data,0.4951,3.007
2012-12-09,13.41899077643335,,0,0.26863832409118915,0.6727272727272728,0.5368852459016393,Historic Data,0.4951,3.007
2012-12-10,12.528336346625656,,0,0.17406038200862597,0.6545454545454545,0.38217213114754095,Historic Data,0.4951,3.007
2012-12-11,11.774059152261216,,0,0.08502772643253234,0.8363636363636364,0.15061475409836064,Historic Data,0.4951,3.007
2012-12-12,13.263260721331644,,0,0.057301293900184846,0.8727272727272728,0.05430327868852458,Historic Data,0.4951,3.007
2012-12-13,13.322344429088277,,0,0.05052372150338879,0.8,0.19364754098360654,Historic Data,0.4951,3.007
2012-12-14,13.083142573113806,,0,0.3203943314849045,0.8909090909090911,0.4118852459016393,Historic Data,0.4951,3.007
2012-12-15,12.453758321382054,,0,0.34596426370918054,0.7818181818181817,0.4846311475409835,Historic Data,0.4951,3.007
2012-12-16,12.760848226790882,,0,0.3043746149106593,0.8363636363636364,0.2940573770491803,Historic Data,0.4951,3.007
2012-12-17,11.94202134953863,,0,0.28219346888478125,0.7818181818181817,0.36782786885245894,Historic Data,0.4951,3.007
2012-12-18,12.156987907868617,,0,0.2470733210104744,0.7818181818181817,0.20184426229508193,Historic Data,0.4951,3.007
2012-12-19,12.388637339936707,,0,0.23105360443622922,0.8909090909090911,0.3913934426229507,Historic Data,0.4951,3.007
2012-12-20,12.243124999873281,,0,0.29667282809611834,0.9636363636363636,0.3422131147540983,Historic Data,0.4951,3.007
2012-12-21,11.77679630302646,,0,0.30036968576709794,0.8727272727272728,0.30840163934426224,Historic Data,0.4951,3.007
2012-12-22,12.358784121642197,,0,0.4044978434996919,0.9636363636363636,0.38012295081967207,Historic Data,0.4951,3.007
2012-12-23,11.934522669205657,,0,0.4048059149722736,0.7818181818181817,0.5440573770491802,Historic Data,0.4951,3.007
2012-12-24,12.053878649410484,,0,0.3807763401109058,0.8727272727272728,0.41803278688524587,Historic Data,0.4951,3.007
2012-12-25,12.50931242090662,,1,0.28342575477510784,0.8363636363636364,0.42930327868852447,Historic Data,0.4951,3.007
2012-12-26,11.672571195120623,,1,0.3154651879235983,0.8181818181818181,0.4969262295081966,Historic Data,0.4951,3.007
2012-12-27,11.842862118704645,,0,0.24738139248305605,0.7454545454545454,0.39856557377049173,Historic Data,0.4951,3.007
2012-12-28,11.768871214366044,,0,0.3820086260012323,0.8363636363636364,0.46926229508196715,Historic Data,0.4951,3.007
2012-12-29,11.67416811632209,,0,0.3706099815157117,0.7272727272727273,0.7581967213114753,Historic Data,0.4951,3.007
2012-12-30,11.900980408670415,,0,0.3376463339494763,0.6181818181818182,0.6782786885245902,Historic Data,0.4951,3.007
2012-12-31,11.901235485449927,,0,0.28650646950092423,0.6909090909090911,0.4456967213114753,Historic Data,0.4951,3.007
2013-01-01,11.839174315490657,,1,0.23259396179913738,0.709090909090909,0.3893442622950819,Historic Data,0.4951,3.007
2013-01-02,12.016655478900581,,0,0.33518176216882317,0.8727272727272728,0.360655737704918,Historic Data,0.4951,3.007
2013-01-03,11.399221153301886,,0,0.35335797905113986,0.8727272727272728,0.4262295081967213,Historic Data,0.4951,3.007
2013-01-04,11.414970257145448,,1,0.33425754775107824,0.7636363636363637,0.41803278688524587,Historic Data,0.4951,3.007
2013-01-05,11.709835508995285,,0,0.330252618607517,0.8909090909090911,0.30225409836065564,Historic Data,0.4951,3.007
2013-01-06,12.422263291054255,,0,0.26709796672828096,0.9636363636363636,0.2079918032786885,Historic Data,0.4951,3.007
2013-01-07,11.657582985688373,,0,0.281577325939618,0.8909090909090911,0.31454918032786877,Historic Data,0.4951,3.007
2013-01-08,11.23940515067102,,0,0.3478126925446704,0.8,0.3596311475409835,Historic Data,0.4951,3.007
2013-01-09,11.3348165006165,,0,0.28558225508317936,0.8545454545454545,0.07479508196721311,Historic Data,0.4951,3.007
2013-01-10,12.066789224977326,,0,0.10751694393099198,0.9272727272727272,0.13831967213114754,Historic Data,0.4951,3.007
2013-01-11,12.109949356017426,,0,0.17744916820702403,0.9090909090909092,0.020491803278688523,Historic Data,0.4951,3.007
2013-01-12,13.060453604158345,,0,0.14140480591497226,0.7272727272727273,0.46721311475409827,Historic Data,0.4951,3.007
2013-01-13,13.662229805009984,,0,0.10905730129390018,0.5636363636363637,0.3002049180327868,Historic Data,0.4951,3.007
2013-01-14,13.182834058623818,,0,0.09242144177449167,0.8181818181818181,0.19262295081967212,Historic Data,0.4951,3.007
2013-01-15,12.94372035660069,,0,0.07516943930991989,0.7636363636363637,0.3155737704918032,Historic Data,0.4951,3.007
2013-01-16,13.147535511153496,,0,0.0,0.8727272727272728,0.07479508196721311,Historic Data,0.4951,3.007
2013-01-17,13.278687022337332,,0,0.09057301293900184,0.7272727272727273,0.08299180327868852,Historic Data,0.4951,3.007
2013-01-18,14.045839360912229,,0,0.04282193468884782,0.7636363636363637,0.5122950819672131,Historic Data,0.4951,3.007
2013-01-19,14.703919119865503,,0,0.028034504004929142,0.7818181818181817,0.40573770491803274,Historic Data,0.4951,3.007
2013-01-20,15.021899673300618,,0,0.004313000616142945,0.8727272727272728,0.305327868852459,Historic Data,0.4951,3.007
2013-01-21,13.640091981839667,,0,0.03789279112754159,0.8545454545454545,0.10450819672131147,Historic Data,0.4951,3.007
2013-01-22,13.526971272672728,,0,0.088724584103512,0.8181818181818181,0.331967213114754,Historic Data,0.4951,3.007
2013-01-23,13.344442645573533,,0,0.088724584103512,0.709090909090909,0.41290983606557374,Historic Data,0.4951,3.007
2013-01-24,13.36720356667273,,0,0.07054836722119531,0.6545454545454545,0.19159836065573768,Historic Data,0.4951,3.007
2013-01-25,13.420702272738854,,0,0.09365372766481823,0.6727272727272728,0.3073770491803278,Historic Data,0.4951,3.007
2013-01-26,12.848888261492265,,0,0.23475046210720885,0.7818181818181817,0.3493852459016393,Historic Data,0.4951,3.007
2013-01-27,12.928393265368516,,0,0.3179297597042514,0.6181818181818182,0.6557377049180327,Historic Data,0.4951,3.007
2013-01-28,12.347051318471337,,0,0.32655576093653726,0.7454545454545454,0.5891393442622951,Historic Data,0.4951,3.007
2013-01-29,11.618708902129985,,0,0.4051139864448552,0.8363636363636364,0.7192622950819672,Historic Data,0.4951,3.007
2013-01-30,11.080083377334791,,0,0.38878619839802836,0.6181818181818182,0.783811475409836,Historic Data,0.4951,3.007
2013-01-31,11.2815322518586,,0,0.3080714725816389,0.5636363636363637,0.7274590163934426,Historic Data,0.4951,3.007
2013-02-01,11.580635552032817,,0,0.24922982131854587,0.7636363636363637,0.2694672131147541,Historic Data,0.4951,3.007
2013-02-02,12.359468647921984,,0,0.17313616759088107,0.509090909090909,0.4887295081967212,Historic Data,0.4951,3.007
2013-02-03,13.305082923018041,,0,0.2828096118299445,0.709090909090909,0.4221311475409836,Historic Data,0.4951,3.007
2013-02-04,11.623015315952598,,0,0.31608133086876156,0.509090909090909,0.6782786885245902,Historic Data,0.4951,3.007
2013-02-05,12.010271650574293,,0,0.2002464571780653,0.5454545454545454,0.7274590163934426,Historic Data,0.4951,3.007
2013-02-06,12.25144493941659,,0,0.19162045594577942,0.5818181818181818,0.5983606557377049,Historic Data,0.4951,3.007
2013-02-07,12.238016410849745,,0,0.17221195317313617,0.509090909090909,0.34528688524590156,Historic Data,0.4951,3.007
2013-02-08,12.112737733430604,,0,0.17406038200862597,0.6363636363636365,0.2950819672131147,Historic Data,0.4951,3.007
2013-02-09,12.858372606273937,,0,0.11521873074553296,0.7818181818181817,0.04918032786885246,Historic Data,0.4951,3.007
2013-02-10,13.598128215684845,,0,0.14756623536660507,0.9090909090909092,0.47745901639344257,Historic Data,0.4951,3.007
2013-02-11,13.058674872775347,,0,0.05976586568083795,0.9090909090909092,0.3237704918032786,Historic Data,0.4951,3.007
2013-02-12,12.940775165536104,,0,0.07085643869377696,0.6000000000000001,0.27356557377049173,Historic Data,0.4951,3.007
2013-02-13,12.714848539160583,,0,0.09704251386321626,0.5454545454545454,0.33606557377049173,Historic Data,0.4951,3.007
2013-02-14,11.98077550569447,,0,0.32809611829944546,0.6909090909090911,0.28278688524590156,Historic Data,0.4951,3.007
2013-02-15,11.552171169635036,,0,0.30252618607516946,0.6181818181818182,0.2346311475409836,Historic Data,0.4951,3.007
2013-02-16,11.562667457492243,,0,0.3139248305606901,0.49090909090909096,0.0932377049180328,Historic Data,0.4951,3.007
2013-02-17,12.029635317275384,,0,0.2942082563154652,0.7454545454545454,0.26536885245901637,Historic Data,0.4951,3.007
2013-02-18,11.510227820372398,,0,0.23752310536044363,0.7272727272727273,0.2725409836065573,Historic Data,0.4951,3.007
2013-02-19,11.385007311371115,,0,0.31361675908810843,0.6545454545454545,0.020491803278688523,Historic Data,0.4951,3.007
2013-02-20,11.72789590342115,,0,0.15218730745532963,0.6363636363636365,0.47745901639344257,Historic Data,0.4951,3.007
2013-02-21,12.553485369769568,,0,0.0720887245841035,0.2909090909090908,0.5512295081967213,Historic Data,0.4951,3.007
2013-02-22,12.856231823475552,,0,0.04374614910659273,0.36363636363636376,0.47028688524590156,Historic Data,0.4951,3.007
2013-02-23,13.245570067374976,,0,0.05545286506469501,0.4545454545454546,0.3811475409836065,Historic Data,0.4951,3.007
2013-02-24,14.014281602546719,,0,0.07424522489217499,0.509090909090909,0.4374999999999999,Historic Data,0.4951,3.007
2013-02-25,13.05905549357143,,0,0.1370918052988293,0.7272727272727273,0.471311475409836,Historic Data,0.4951,3.007
2013-02-26,12.573332295915002,,0,0.15372766481823782,0.8727272727272728,0.42418032786885235,Historic Data,0.4951,3.007
2013-02-27,12.05875947950174,,0,0.19008009858287123,0.7272727272727273,0.430327868852459,Historic Data,0.4951,3.007
2013-02-28,11.990561005420801,,0,0.2255083179297597,0.6727272727272728,0.41495901639344257,Historic Data,0.4951,3.007
2013-03-01,12.048498896231617,,0,0.20579174368453482,0.6363636363636365,0.3657786885245901,Historic Data,0.4951,3.007
2013-03-02,12.30885089249862,,0,0.1463339494762785,0.5272727272727273,0.18647540983606556,Historic Data,0.4951,3.007
2013-03-03,12.735906984044117,,0,0.24306839186691312,0.6727272727272728,0.20491803278688525,Historic Data,0.4951,3.007
2013-03-04,11.48185908664459,,0,0.27880468268638325,0.6363636363636365,0.35450819672131145,Historic Data,0.4951,3.007
2013-03-05,10.860480589622815,,0,0.49661121380160195,0.5636363636363637,0.14344262295081966,Historic Data,0.4951,3.007
2013-03-06,10.675248342347313,,0,0.40665434380776344,0.5272727272727273,0.22643442622950818,Historic Data,0.4951,3.007
2013-03-07,10.889469267813766,,0,0.2985212569316082,0.9090909090909092,0.20491803278688525,Historic Data,0.4951,3.007
2013-03-08,10.92818484037576,,0,0.29790511398644487,0.9636363636363636,0.15881147540983606,Historic Data,0.4951,3.007
2013-03-09,11.55987806107939,,0,0.2486136783733826,0.8545454545454545,0.23770491803278684,Historic Data,0.4951,3.007
2013-03-10,12.823072729773523,,0,0.10813308687615526,0.709090909090909,0.4969262295081966,Historic Data,0.4951,3.007
2013-03-11,13.106772969747743,,0,0.039433148490449786,0.5454545454545454,0.8165983606557377,Historic Data,0.4951,3.007
2013-03-12,12.852295264929085,,0,0.12076401725200245,0.36363636363636376,0.6772540983606556,Historic Data,0.4951,3.007
2013-03-13,12.119938075340952,,0,0.19963031423290203,0.5454545454545454,0.353483606557377,Historic Data,0.4951,3.007
2013-03-14,11.786081673764748,,0,0.20394331484904496,0.4363636363636365,0.16495901639344263,Historic Data,0.4951,3.007
2013-03-15,11.590859170709678,,0,0.25662353666050525,0.6909090909090911,0.5758196721311475,Historic Data,0.4951,3.007
2013-03-16,12.186486909457964,,0,0.23321010474430065,0.7636363636363637,0.6711065573770492,Historic Data,0.4951,3.007
2013-03-17,12.57778255272962,,0,0.22674060382008623,0.8181818181818181,0.19467213114754098,Historic Data,0.4951,3.007
2013-03-18,11.816572589134847,,0,0.22828096118299443,0.8727272727272728,0.05430327868852458,Historic Data,0.4951,3.007
2013-03-19,11.387626705071929,,0,0.23967960566851507,0.7272727272727273,0.13934426229508196,Historic Data,0.4951,3.007
2013-03-20,11.663214021070111,,0,0.18268638324091188,0.7818181818181817,0.22233606557377047,Historic Data,0.4951,3.007
2013-03-21,11.504756133886737,,0,0.19500924214417742,0.5818181818181818,0.46413934426229503,Historic Data,0.4951,3.007
2013-03-22,12.071172692490775,,0,0.15619223659889092,0.6545454545454545,0.790983606557377,Historic Data,0.4951,3.007
2013-03-23,13.429270813162267,,0,0.09611829944547134,0.8909090909090911,0.6372950819672131,Historic Data,0.4951,3.007
2013-03-24,14.191591396473411,,0,0.048983364140480594,0.6363636363636365,0.6004098360655737,Historic Data,0.4951,3.007
2013-03-25,13.118294812202326,,0,0.05760936537276649,0.40000000000000013,0.5891393442622951,Historic Data,0.4951,3.007
2013-03-26,12.916559451200149,,0,0.05576093653727665,0.40000000000000013,0.4907786885245901,Historic Data,0.4951,3.007
2013-03-27,12.496044153186771,,0,0.1195317313616759,0.38181818181818183,0.3842213114754098,Historic Data,0.4951,3.007
2013-03-28,12.050954318124653,,0,0.12754158964879853,0.4181818181818182,0.34528688524590156,Historic Data,0.4951,3.007
2013-03-29,12.231575736212319,,1,0.1654343807763401,0.36363636363636376,0.34016393442622944,Historic Data,0.4951,3.007
2013-03-30,11.791903696284658,,0,0.151879235982748,0.47272727272727266,0.3493852459016393,Historic Data,0.4951,3.007
2013-03-31,11.932720888835489,,0,0.18299445471349352,0.38181818181818183,0.5430327868852459,Historic Data,0.4951,3.007
2013-03-31,11.932720888835489,,0,0.15465187923598273,0.4545454545454546,0.2663934426229507,Historic Data,0.4951,3.007
2013-04-01,11.982422941961147,,0,0.23937153419593343,0.2545454545454544,0.5430327868852459,Historic Data,0.4951,3.007
2013-04-02,11.266251710893286,,0,0.12784966112138016,0.38181818181818183,0.5778688524590163,Historic Data,0.4951,3.007
2013-04-03,11.92322585963744,,0,0.09149722735674676,0.5636363636363637,0.5696721311475409,Historic Data,0.4951,3.007
2013-04-04,12.201972247382052,,0,0.2279728897104128,0.3272727272727274,0.5829918032786885,Historic Data,0.4951,3.007
2013-04-05,11.73147926680859,,0,0.30591497227356745,0.36363636363636376,0.26127049180327866,Historic Data,0.4951,3.007
2013-04-06,11.097177003906685,,0,0.3213185459026494,0.34545454545454546,0.1885245901639344,Historic Data,0.4951,3.007
2013-04-07,11.158295184648148,,0,0.30961182994454717,0.40000000000000013,0.4887295081967212,Historic Data,0.4951,3.007
2013-04-08,10.593420449120208,,0,0.2732593961799138,0.7272727272727273,0.37602459016393436,Historic Data,0.4951,3.007
2013-04-09,10.90038792317525,,0,0.32809611829944546,0.6545454545454545,0.08913934426229508,Historic Data,0.4951,3.007
2013-04-10,10.391371941845811,,0,0.34996919285274186,0.8545454545454545,0.21311475409836061,Historic Data,0.4951,3.007
2013-04-11,10.559750694216866,,0,0.35643869377695625,0.8,0.290983606557377,Historic Data,0.4951,3.007
2013-04-12,10.372293049156626,,0,0.3536660505237215,0.8,0.43237704918032777,Historic Data,0.4951,3.007
2013-04-13,10.531617352131999,,0,0.614294516327788,0.49090909090909096,0.651639344262295,Historic Data,0.4951,3.007
2013-04-14,10.044256442054515,,0,0.4772027110289587,0.5272727272727273,0.5327868852459017,Historic Data,0.4951,3.007
2013-04-15,9.319674391896903,,0,0.5117067159581024,0.49090909090909096,0.5686475409836065,Historic Data,0.4951,3.007
2013-04-16,9.228240818620177,,0,0.5548367221195317,0.6181818181818182,0.5461065573770492,Historic Data,0.4951,3.007
2013-04-17,9.179271748766462,,0,0.43653727664818237,0.38181818181818183,0.8114754098360655,Historic Data,0.4951,3.007
2013-04-18,9.250268509649286,,0,0.36999383857054835,0.47272727272727266,0.21823770491803277,Historic Data,0.4951,3.007
2013-04-19,9.449012261006875,,0,0.40665434380776344,0.4181818181818182,0.20594262295081964,Historic Data,0.4951,3.007
2013-04-20,9.485700092571959,,0,0.436845348120764,0.38181818181818183,0.1987704918032787,Historic Data,0.4951,3.007
2013-04-21,9.996676318429845,,0,0.4430067775723968,0.5636363636363637,0.40163934426229503,Historic Data,0.4951,3.007
2013-04-22,9.411523304475395,,0,0.6256931608133087,0.4545454545454546,0.33606557377049173,Historic Data,0.4951,3.007
2013-04-23,8.665263373235513,,0,0.5979667282809612,0.5636363636363637,0.28995901639344257,Historic Data,0.4951,3.007
2013-04-24,8.506098960360193,,0,0.6820702402957486,0.5272727272727273,0.3073770491803278,Historic Data,0.4951,3.007
2013-04-25,8.282066815051968,,0,0.4109673444239063,0.40000000000000013,0.3299180327868852,Historic Data,0.4951,3.007
2013-04-26,8.778425148328381,,0,0.32101047443006775,0.509090909090909,0.25614754098360654,Historic Data,0.4951,3.007
2013-04-27,9.525847240364245,,0,0.3589032655576094,0.38181818181818183,0.31454918032786877,Historic Data,0.4951,3.007
2013-04-28,10.009824197825683,,0,0.4149722735674677,0.2909090909090908,0.4415983606557376,Historic Data,0.4951,3.007
2013-04-29,9.063038840401413,,0,0.42421441774491686,0.34545454545454546,0.27049180327868844,Historic Data,0.4951,3.007
2013-04-30,8.84434200802974,,0,0.5046210720887246,0.34545454545454546,0.28176229508196715,Historic Data,0.4951,3.007
2013-05-01,8.79350297401487,,0,0.5243376463339495,0.0,0.27663934426229503,Historic Data,0.4951,3.007
2013-05-02,8.557386460368235,,0,0.6090573012939002,0.23636363636363655,0.25717213114754095,Historic Data,0.4951,3.007
2013-05-03,8.392220837618604,,0,0.5043130006161429,0.38181818181818183,0.5081967213114754,Historic Data,0.4951,3.007
2013-05-04,8.868705563111856,,0,0.5499075785582255,0.4545454545454546,0.21106557377049176,Historic Data,0.4951,3.007
2013-05-05,8.802536958033885,,0,0.6484904497843499,0.36363636363636376,0.09528688524590162,Historic Data,0.4951,3.007
2013-05-06,8.645489666170173,,0,0.6124460874922982,0.3090909090909091,0.19159836065573768,Historic Data,0.4951,3.007
2013-05-07,8.306996090936163,,0,0.5197165742452249,0.6181818181818182,0.30840163934426224,Historic Data,0.4951,3.007
2013-05-08,8.503730962316142,,0,0.4417744916820702,0.509090909090909,0.7100409836065573,Historic Data,0.4951,3.007
2013-05-09,8.702205214320298,,0,0.5308071472581639,0.5272727272727273,0.6700819672131147,Historic Data,0.4951,3.007
2013-05-10,8.600230353333334,,0,0.40788662969809,0.6363636363636365,0.4743852459016393,Historic Data,0.4951,3.007
2013-05-11,9.276239665363128,,0,0.4581022797288971,0.6000000000000001,0.5256147540983607,Historic Data,0.4951,3.007
2013-05-12,9.808348296107283,,0,0.43499691928527423,0.4545454545454546,0.6567622950819672,Historic Data,0.4951,3.007
2013-05-13,8.813590646115149,,0,0.33887861983980283,0.6727272727272728,0.38627049180327866,Historic Data,0.4951,3.007
2013-05-14,9.29040938778171,,0,0.4220579174368454,0.509090909090909,0.5799180327868853,Historic Data,0.4951,3.007
2013-05-15,9.256266530545727,,0,0.4679605668515096,0.5636363636363637,0.14754098360655735,Historic Data,0.4951,3.007
2013-05-16,8.838438955880708,,0,0.34996919285274186,0.6000000000000001,0.22028688524590162,Historic Data,0.4951,3.007
2013-05-17,9.226213351995524,,0,0.45040049291435613,0.4363636363636365,0.17827868852459014,Historic Data,0.4951,3.007
2013-05-18,9.151049785176207,,0,0.5517560073937154,0.49090909090909096,0.19672131147540983,Historic Data,0.4951,3.007
2013-05-19,9.233726035565088,,0,0.5215650030807147,0.7454545454545454,0.35860655737704916,Historic Data,0.4951,3.007
2013-05-20,9.019062861238574,,0,0.5015403573629081,0.6363636363636365,0.41086065573770486,Historic Data,0.4951,3.007
2013-05-21,8.764399105781425,,0,0.43376463339494764,0.49090909090909096,0.31249999999999994,Historic Data,0.4951,3.007
2013-05-22,8.824531155373133,,0,0.3179297597042514,0.40000000000000013,0.40778688524590156,Historic Data,0.4951,3.007
2013-05-23,8.90278416695295,,0,0.25477510782501545,0.7454545454545454,0.20901639344262296,Historic Data,0.4951,3.007
2013-05-24,9.557573986601977,,0,0.4599507085643869,0.4363636363636365,0.3340163934426229,Historic Data,0.4951,3.007
2013-05-25,8.916661689923494,,0,0.5816389402341343,0.21818181818181825,0.26536885245901637,Historic Data,0.4951,3.007
2013-05-26,8.584916572004479,,0,0.5341959334565619,0.2727272727272727,0.42418032786885235,Historic Data,0.4951,3.007
2013-05-27,8.556658454031355,,1,0.3755391250770179,0.7818181818181817,0.13114754098360654,Historic Data,0.4951,3.007
2013-05-28,8.995475080044802,,0,0.395871842267406,0.8,0.1987704918032787,Historic Data,0.4951,3.007
2013-05-29,9.112343037812616,,0,0.45440542205791745,0.7818181818181817,0.331967213114754,Historic Data,0.4951,3.007
2013-05-30,9.050639029112979,,0,0.669747381392483,0.5272727272727273,0.3329918032786885,Historic Data,0.4951,3.007
2013-05-31,8.432458651670713,,0,0.5360443622920518,0.40000000000000013,0.3227459016393442,Historic Data,0.4951,3.007
2013-06-01,8.475920649813293,,0,0.5819470117067159,0.2909090909090908,0.22540983606557374,Historic Data,0.4951,3.007
2013-06-02,8.737453204296656,,0,0.5767097966728281,0.4181818181818182,0.27049180327868844,Historic Data,0.4951,3.007
2013-06-03,8.11301942072829,,0,0.6201478743068392,0.3090909090909091,0.40573770491803274,Historic Data,0.4951,3.007
2013-06-04,8.018978894620844,,0,0.6069008009858288,0.509090909090909,0.3473360655737704,Historic Data,0.4951,3.007
2013-06-05,8.012264711376798,,1,0.6451016635859519,0.4545454545454546,0.41803278688524587,Historic Data,0.4951,3.007
2013-06-06,7.966878922963378,,0,0.6069008009858288,0.4181818181818182,0.42008196721311464,Historic Data,0.4951,3.007
2013-06-07,8.05955094284913,,0,0.5274183610597658,0.47272727272727266,0.5368852459016393,Historic Data,0.4951,3.007
2013-06-08,8.269646783395661,,0,0.43838570548367223,0.5272727272727273,0.449795081967213,Historic Data,0.4951,3.007
2013-06-09,9.147056678338945,,0,0.45040049291435613,0.4545454545454546,0.15061475409836064,Historic Data,0.4951,3.007
2013-06-10,8.576192998596031,,0,0.5243376463339495,0.7272727272727273,0.2868852459016393,Historic Data,0.4951,3.007
2013-06-11,8.458819577203817,,0,0.5243376463339495,0.7818181818181817,0.5881147540983607,Historic Data,0.4951,3.007
2013-06-12,8.666901835294118,,0,0.5437461491065927,0.5818181818181818,0.6762295081967212,Historic Data,0.4951,3.007
2013-06-13,8.54384331740921,,0,0.5813308687615526,0.47272727272727266,0.40163934426229503,Historic Data,0.4951,3.007
2013-06-14,8.204286276146789,,0,0.5030807147258164,0.5636363636363637,0.5983606557377049,Historic Data,0.4951,3.007
2013-06-15,8.652165605470215,,0,0.5360443622920518,0.509090909090909,0.2920081967213114,Historic Data,0.4951,3.007
2013-06-16,8.825882187900355,,0,0.6303142329020333,0.4181818181818182,0.45081967213114743,Historic Data,0.4951,3.007
2013-06-17,8.224522854533532,,0,0.6281577325939618,0.6363636363636365,0.07889344262295081,Historic Data,0.4951,3.007
2013-06-18,8.20618845934807,,0,0.789279112754159,0.6000000000000001,0.07684426229508196,Historic Data,0.4951,3.007
2013-06-19,8.032086533489418,,0,0.6238447319778189,0.6909090909090911,0.11680327868852458,Historic Data,0.4951,3.007
2013-06-20,8.1996571750281,,0,0.6296980899568699,0.6909090909090911,0.3473360655737704,Historic Data,0.4951,3.007
2013-06-21,8.08216469876335,,0,0.5422057917436846,0.6909090909090911,0.6741803278688524,Historic Data,0.4951,3.007
2013-06-22,8.413209815998501,,0,0.5104744300677758,0.6000000000000001,0.6229508196721312,Historic Data,0.4951,3.007
2013-06-23,9.00841087190253,,0,0.4978434996919286,0.4181818181818182,0.40573770491803274,Historic Data,0.4951,3.007
2013-06-24,8.419859553665855,,0,0.5797905113986446,0.2545454545454544,0.17930327868852458,Historic Data,0.4951,3.007
2013-06-25,8.027189502642925,,0,0.6367837338262476,0.38181818181818183,0.18237704918032785,Historic Data,0.4951,3.007
2013-06-26,8.036278860813344,,0,0.5942698706099815,0.47272727272727266,0.25512295081967207,Historic Data,0.4951,3.007
2013-06-27,8.103375796384414,,0,0.6229205175600739,0.8,0.3340163934426229,Historic Data,0.4951,3.007
2013-06-28,8.29101761577961,,0,0.6546518792359828,0.3272727272727274,0.3237704918032786,Historic Data,0.4951,3.007
2013-06-29,8.108062805605549,,0,0.7772643253234751,0.4363636363636365,0.41803278688524587,Historic Data,0.4951,3.007
2013-06-30,8.462441799962512,,0,0.6112138016019717,0.36363636363636376,0.38319672131147536,Historic Data,0.4951,3.007
2013-07-01,8.115509840618557,,0,0.540973505853358,0.5272727272727273,0.2950819672131147,Historic Data,0.4951,3.007
2013-07-02,8.248033919715143,,0,0.6084411583487369,0.6545454545454545,0.3555327868852458,Historic Data,0.4951,3.007
2013-07-03,8.195046502775174,,0,0.7070240295748614,0.6000000000000001,0.38627049180327866,Historic Data,0.4951,3.007
2013-07-04,8.014322513714822,,0,0.7603203943314849,0.40000000000000013,0.04405737704918032,Historic Data,0.4951,3.007
2013-07-05,7.970337185306276,,0,0.8173136167590881,0.36363636363636376,0.11680327868852458,Historic Data,0.4951,3.007
2013-07-06,7.997509498213279,,0,0.8422674060382009,0.4181818181818182,0.23565573770491802,Historic Data,0.4951,3.007
2013-07-07,8.339931338431152,,0,0.7775723967960567,0.40000000000000013,0.3811475409836065,Historic Data,0.4951,3.007
2013-07-08,7.968517494300226,,0,0.7908194701170671,0.2545454545454544,0.31454918032786877,Historic Data,0.4951,3.007
2013-07-09,7.865052700263504,,0,0.7162661737523106,0.38181818181818183,0.37704918032786877,Historic Data,0.4951,3.007
2013-07-10,7.847244306568793,,0,0.6700554528650647,0.38181818181818183,0.353483606557377,Historic Data,0.4951,3.007
2013-07-11,7.7709236267870585,,0,0.7387553912507703,0.49090909090909096,0.1680327868852459,Historic Data,0.4951,3.007
2013-07-12,7.815935417510826,,0,0.9001848428835489,0.4363636363636365,0.06762295081967212,Historic Data,0.4951,3.007
2013-07-13,7.942879684202598,,0,0.8592113370301909,0.3272727272727274,0.06762295081967212,Historic Data,0.4951,3.007
2013-07-14,8.329978903635336,,0,0.904497843499692,0.036363636363636376,0.06557377049180327,Historic Data,0.4951,3.007
2013-07-15,8.066557648662396,,0,0.9014171287738755,0.23636363636363655,0.028688524590163928,Historic Data,0.4951,3.007
2013-07-16,8.023428248794728,,0,0.9346888478126926,0.20000000000000007,0.10655737704918031,Historic Data,0.4951,3.007
2013-07-17,8.072887361292146,,0,0.8508934072704867,0.3090909090909091,0.31147540983606553,Historic Data,0.4951,3.007
2013-07-18,8.00012283381688,,0,0.8419593345656192,0.2545454545454544,0.415983606557377,Historic Data,0.4951,3.007
2013-07-19,7.876776794236203,,0,0.6947011706715958,0.5636363636363637,0.4272540983606557,Historic Data,0.4951,3.007
2013-07-20,8.01356375908834,,0,0.803758471965496,0.509090909090909,0.331967213114754,Historic Data,0.4951,3.007
2013-07-21,8.193773463644929,,0,0.9926062846580406,0.36363636363636376,0.14549180327868852,Historic Data,0.4951,3.007
2013-07-22,8.178838860648321,,0,0.8376463339494763,0.5636363636363637,0.1680327868852459,Historic Data,0.4951,3.007
2013-07-23,8.221957390497739,,0,0.8102279728897104,0.4363636363636365,0.3473360655737704,Historic Data,0.4951,3.007
2013-07-24,7.879713207169812,,0,0.7760320394331485,0.5636363636363637,0.2920081967213114,Historic Data,0.4951,3.007
2013-07-25,7.973942085757405,,0,0.8086876155268022,0.34545454545454546,0.14344262295081966,Historic Data,0.4951,3.007
2013-07-26,7.791696432584481,,0,0.8422674060382009,0.4545454545454546,0.04405737704918032,Historic Data,0.4951,3.007
2013-07-27,8.07355880734378,,0,0.7147258163894024,0.5454545454545454,0.49385245901639335,Historic Data,0.4951,3.007
2013-07-28,8.191858761858006,,0,0.6906962415280344,0.5818181818181818,0.5348360655737705,Historic Data,0.4951,3.007
2013-07-29,7.9075539192068,,0,0.6460258780036968,0.7818181818181817,0.3883196721311475,Historic Data,0.4951,3.007
2013-07-30,7.99981715081224,,0,0.7276648182378311,0.6727272727272728,0.4374999999999999,Historic Data,0.4951,3.007
2013-07-31,7.959776351171137,,0,1.0,0.40000000000000013,0.3565573770491803,Historic Data,0.4951,3.007
2013-08-01,7.913224153902854,,0,0.7609365372766482,0.509090909090909,0.37807377049180324,Historic Data,0.4951,3.007
2013-08-02,7.983150312232937,,0,0.7156500308071473,0.509090909090909,0.4764344262295081,Historic Data,0.4951,3.007
2013-08-03,7.741152230937972,,0,0.7097966728280961,0.49090909090909096,0.442622950819672,Historic Data,0.4951,3.007
2013-08-04,8.073183503821415,,0,0.7017868145409735,0.6000000000000001,0.3002049180327868,Historic Data,0.4951,3.007
2013-08-05,8.000883719852524,,0,0.6829944547134935,0.4545454545454546,0.11782786885245902,Historic Data,0.4951,3.007
2013-08-06,7.714011163557238,,0,0.6638940234134318,0.38181818181818183,0.28176229508196715,Historic Data,0.4951,3.007
2013-08-07,7.633053588051505,,0,0.7353666050523721,0.36363636363636376,0.13012295081967212,Historic Data,0.4951,3.007
2013-08-08,7.667106629147726,,0,0.7365988909426987,0.4363636363636365,0.2868852459016393,Historic Data,0.4951,3.007
2013-08-09,7.693744886590909,,0,0.6712877387553913,0.2545454545454544,0.2684426229508196,Historic Data,0.4951,3.007
2013-08-10,7.703308085930694,,0,0.7030191004313001,0.34545454545454546,0.36885245901639335,Historic Data,0.4951,3.007
2013-08-11,8.01772023505584,,0,0.6300061614294516,0.3272727272727274,0.34836065573770486,Historic Data,0.4951,3.007
2013-08-12,7.782435392610837,,0,0.6118299445471349,0.47272727272727266,0.3514344262295081,Historic Data,0.4951,3.007
2013-08-13,7.736230055599773,,0,0.680837954405422,0.6363636363636365,0.26536885245901637,Historic Data,0.4951,3.007
2013-08-14,7.710560522371662,,0,0.7245841035120149,0.6545454545454545,0.4344262295081967,Historic Data,0.4951,3.007
2013-08-15,7.800674369615458,,0,0.6691312384473198,0.7454545454545454,0.37499999999999994,Historic Data,0.4951,3.007
2013-08-16,7.855648540848807,,0,0.6247689463955637,0.709090909090909,0.5051229508196721,Historic Data,0.4951,3.007
2013-08-17,8.007896204819735,,0,0.6925446703635244,0.5454545454545454,0.4354508196721311,Historic Data,0.4951,3.007
2013-08-18,8.20290707031547,,0,0.6802218114602587,0.2909090909090908,0.31249999999999994,Historic Data,0.4951,3.007
2013-08-19,7.80935943712222,,0,0.7267406038200863,0.3090909090909091,0.14344262295081966,Historic Data,0.4951,3.007
2013-08-20,7.660681291016145,,0,0.7895871842267406,0.38181818181818183,0.22131147540983603,Historic Data,0.4951,3.007
2013-08-21,7.680573869711356,,0,0.6528034504004929,0.8545454545454545,0.09118852459016394,Historic Data,0.4951,3.007
2013-08-22,8.043843435626068,,0,0.803758471965496,0.5818181818181818,0.3217213114754098,Historic Data,0.4951,3.007
2013-08-23,7.820229962935465,,0,0.6028958718422675,0.8545454545454545,0.24282786885245897,Historic Data,0.4951,3.007
2013-08-24,8.263016376728242,,0,0.7024029574861368,0.7272727272727273,0.2520491803278688,Historic Data,0.4951,3.007
2013-08-25,8.117698534164921,,0,0.7510782501540357,0.47272727272727266,0.25102459016393436,Historic Data,0.4951,3.007
2013-08-26,8.002066666400001,,1,0.7036352433764633,0.47272727272727266,0.17315573770491802,Historic Data,0.4951,3.007
2013-08-27,7.889872214587698,,0,0.7221195317313617,0.47272727272727266,0.0665983606557377,Historic Data,0.4951,3.007
2013-08-28,7.810404607996953,,0,0.7162661737523106,0.23636363636363655,0.26127049180327866,Historic Data,0.4951,3.007
2013-08-29,7.747788270753998,,0,0.7421441774491683,0.38181818181818183,0.38012295081967207,Historic Data,0.4951,3.007
2013-08-30,7.855049885700685,,0,0.6139864448552065,0.3090909090909091,0.3247950819672131,Historic Data,0.4951,3.007
2013-08-31,7.924299237961905,,0,0.6509550215650031,0.36363636363636376,0.3237704918032786,Historic Data,0.4951,3.007
2013-09-01,8.419483519451324,,0,0.7701786814540974,0.49090909090909096,0.3155737704918032,Historic Data,0.4951,3.007
2013-09-02,8.025300323481241,,0,0.7387553912507703,0.6000000000000001,0.030737704918032783,Historic Data,0.4951,3.007
2013-09-03,8.021214435059989,,0,0.8348736906962415,0.5818181818181818,0.17008196721311475,Historic Data,0.4951,3.007
2013-09-04,8.030170698475901,,0,0.8795440542205791,0.509090909090909,0.05942622950819672,Historic Data,0.4951,3.007
2013-09-05,8.071030106497714,,0,0.5662353666050524,0.6909090909090911,0.17622950819672129,Historic Data,0.4951,3.007
2013-09-06,8.301362960061034,,0,0.5471349353049907,0.5818181818181818,0.3309426229508196,Historic Data,0.4951,3.007
2013-09-07,8.313834667391305,,0,0.521256931608133,0.6727272727272728,0.26024590163934425,Historic Data,0.4951,3.007
2013-09-08,8.840215211303851,,0,0.32932840418977205,0.8181818181818181,0.1444672131147541,Historic Data,0.4951,3.007
2013-09-09,8.788974642383222,,0,0.5147874306839186,0.6181818181818182,0.4118852459016393,Historic Data,0.4951,3.007
2013-09-10,8.718351516078581,,0,0.5098582871226124,0.6181818181818182,0.3903688524590163,Historic Data,0.4951,3.007
2013-09-11,8.839153977714178,,0,0.5569932224276032,0.8,0.10655737704918031,Historic Data,0.4951,3.007
2013-09-12,8.56575233891541,,0,0.5591497227356746,0.9454545454545453,0.07889344262295081,Historic Data,0.4951,3.007
2013-09-13,8.829404047374451,,0,0.4285274183610598,0.8363636363636364,0.28176229508196715,Historic Data,0.4951,3.007
2013-09-14,9.291982623811341,,0,0.47504621072088726,0.7818181818181817,0.4559426229508196,Historic Data,0.4951,3.007
2013-09-15,9.889957584581582,,0,0.4356130622304375,0.4363636363636365,0.548155737704918,Historic Data,0.4951,3.007
2013-09-16,8.952600993502772,,0,0.42390634627233514,0.7454545454545454,0.32069672131147536,Historic Data,0.4951,3.007
2013-09-17,9.242429090538991,,0,0.46950092421441775,0.6363636363636365,0.331967213114754,Historic Data,0.4951,3.007
2013-09-18,8.878986432486146,,0,0.4898336414048059,0.7454545454545454,0.36475409836065564,Historic Data,0.4951,3.007
2013-09-19,9.116968037282296,,0,0.5690080098582871,0.5818181818181818,0.2305327868852459,Historic Data,0.4951,3.007
2013-09-20,8.798646410947368,,0,0.5619223659889094,0.8,0.2663934426229507,Historic Data,0.4951,3.007
2013-09-21,9.04583946362069,,0,0.5822550831792976,0.8545454545454545,0.180327868852459,Historic Data,0.4951,3.007
2013-09-22,9.5127087561027,,0,0.6069008009858288,0.8363636363636364,0.06967213114754098,Historic Data,0.4951,3.007
2013-09-23,8.81850565127419,,0,0.6632778804682686,0.8363636363636364,0.10040983606557376,Historic Data,0.4951,3.007
2013-09-24,8.517794253429118,,0,0.6447935921133703,0.7818181818181817,0.03176229508196721,Historic Data,0.4951,3.007
2013-09-25,8.55819578480843,,0,0.5834873690696242,0.6545454545454545,0.2971311475409836,Historic Data,0.4951,3.007
2013-09-26,8.493934290555556,,0,0.5252618607516943,0.6727272727272728,0.3329918032786885,Historic Data,0.4951,3.007
2013-09-27,8.526264570437117,,0,0.5674676524953789,0.6909090909090911,0.4364754098360655,Historic Data,0.4951,3.007
2013-09-28,8.996351025445486,,0,0.536660505237215,0.6545454545454545,0.46721311475409827,Historic Data,0.4951,3.007
2013-09-29,9.4408526540525,,0,0.5813308687615526,0.6545454545454545,0.3565573770491803,Historic Data,0.4951,3.007
2013-09-30,8.845674203315447,,0,0.5341959334565619,0.709090909090909,0.3913934426229507,Historic Data,0.4951,3.007
2013-10-01,8.918944336756239,,0,0.5878003696857671,0.8,0.339139344262295,Historic Data,0.4951,3.007
2013-10-02,8.92958875396277,,0,0.5702402957486137,0.9090909090909092,0.3247950819672131,Historic Data,0.4951,3.007
2013-10-03,8.880879439086197,,0,0.6432532347504621,0.8,0.3934426229508196,Historic Data,0.4951,3.007
2013-10-04,8.70288308711845,,0,0.5545286506469501,0.8,0.1413934426229508,Historic Data,0.4951,3.007
2013-10-05,9.15231432281106,,0,0.593037584719655,0.709090909090909,0.1362704918032787,Historic Data,0.4951,3.007
2013-10-06,9.376811946388782,,0,0.5739371534195934,0.8,0.22848360655737704,Historic Data,0.4951,3.007
2013-10-07,8.94882155080676,,0,0.6062846580406654,0.7636363636363637,0.3002049180327868,Historic Data,0.4951,3.007
2013-10-08,8.768964841191163,,0,0.5095502156500308,0.6000000000000001,0.37807377049180324,Historic Data,0.4951,3.007
2013-10-09,8.94084204544581,,0,0.3659889094269871,0.4545454545454546,0.6014344262295082,Historic Data,0.4951,3.007
2013-10-10,9.295057805761475,,0,0.4072704867529267,0.7818181818181817,0.5799180327868853,Historic Data,0.4951,3.007
2013-10-11,9.8737308507775,,0,0.43838570548367223,0.7272727272727273,0.22131147540983603,Historic Data,0.4951,3.007
2013-10-12,9.597023808870967,,0,0.3552064078866297,0.8909090909090911,0.3668032786885245,Historic Data,0.4951,3.007
2013-10-13,10.967507297637342,,0,0.3512014787430684,0.8727272727272728,0.3596311475409835,Historic Data,0.4951,3.007
2013-10-14,10.03085782887608,,0,0.3894023413431916,0.8181818181818181,0.28381147540983603,Historic Data,0.4951,3.007
2013-10-15,9.642349740453758,,0,0.4599507085643869,0.8727272727272728,0.1680327868852459,Historic Data,0.4951,3.007
2013-10-16,9.973117715233698,,0,0.5345040049291435,0.7454545454545454,0.4047131147540983,Historic Data,0.4951,3.007
2013-10-17,9.471033686583255,,0,0.5304990757855823,0.8727272727272728,0.262295081967213,Historic Data,0.4951,3.007
2013-10-18,9.360215124263998,,0,0.5415896487985212,0.8727272727272728,0.29303278688524587,Historic Data,0.4951,3.007
2013-10-19,9.621036944275543,,0,0.5268022181146026,0.8363636363636364,0.4190573770491803,Historic Data,0.4951,3.007
2013-10-20,10.165735323060636,,0,0.541897720271103,0.8,0.4723360655737704,Historic Data,0.4951,3.007
2013-10-21,9.472617901616939,,0,0.5573012939001849,0.7818181818181817,0.4754098360655737,Historic Data,0.4951,3.007
2013-10-22,9.311661470284834,,0,0.511090573012939,0.6727272727272728,0.5215163934426229,Historic Data,0.4951,3.007
2013-10-23,9.17752810922218,,0,0.5227972889710413,0.7818181818181817,0.19467213114754098,Historic Data,0.4951,3.007
2013-10-24,9.201848314764197,,0,0.5708564386937769,0.7818181818181817,0.40368852459016386,Historic Data,0.4951,3.007
2013-10-25,9.181840584751637,,0,0.5150955021565004,0.7636363636363637,0.6301229508196721,Historic Data,0.4951,3.007
2013-10-26,9.615820562148633,,0,0.4907578558225508,0.6909090909090911,0.7018442622950819,Historic Data,0.4951,3.007
2013-10-28,9.8814403397806,,0,0.49661121380160195,0.6909090909090911,0.7663934426229507,Historic Data,0.4951,3.007
2013-10-29,9.912630702098172,,0,0.3832409118915589,0.6181818181818182,0.4682377049180327,Historic Data,0.4951,3.007
2013-10-30,9.929816675755825,,0,0.4199014171287739,0.6727272727272728,0.3555327868852458,Historic Data,0.4951,3.007
2013-10-31,9.970303794972066,,0,0.40573012939001846,0.8363636363636364,0.43237704918032777,Historic Data,0.4951,3.007
2013-11-01,9.821781351666345,,0,0.43222427603203945,0.8363636363636364,0.28176229508196715,Historic Data,0.4951,3.007
2013-11-02,9.977709802137493,,0,0.46642020948860136,0.709090909090909,0.4456967213114753,Historic Data,0.4951,3.007
2013-11-03,11.044185633660698,,0,0.3539741219963031,0.5636363636363637,0.5225409836065573,Historic Data,0.4951,3.007
2013-11-04,10.321917919788055,,0,0.3093037584719655,0.709090909090909,0.28073770491803274,Historic Data,0.4951,3.007
2013-11-05,10.710369121202776,,0,0.3835489833641405,0.7272727272727273,0.3852459016393442,Historic Data,0.4951,3.007
2013-11-06,10.478511466351899,,0,0.4599507085643869,0.8181818181818181,0.47745901639344257,Historic Data,0.4951,3.007
2013-11-07,10.119346701947551,,0,0.45471349353049906,0.7272727272727273,0.2756147540983606,Historic Data,0.4951,3.007
2013-11-08,10.531173643758441,,0,0.3407270486752927,0.8545454545454545,0.1844262295081967,Historic Data,0.4951,3.007
2013-11-09,11.306920570387508,,0,0.2193468884781269,0.8545454545454545,0.17418032786885243,Historic Data,0.4951,3.007
2013-11-10,11.553900733153432,,0,0.28589032655576097,0.6545454545454545,0.24692622950819668,Historic Data,0.4951,3.007
2013-11-11,11.00790902066307,,0,0.3909426987060998,0.8727272727272728,0.353483606557377,Historic Data,0.4951,3.007
2013-11-12,10.404712577565586,,0,0.40573012939001846,0.7636363636363637,0.21106557377049176,Historic Data,0.4951,3.007
2013-11-13,10.669635555591979,,0,0.3080714725816389,0.709090909090909,0.21516393442622947,Historic Data,0.4951,3.007
2013-11-14,10.644338284744455,,0,0.2982131854590265,0.5636363636363637,0.45081967213114743,Historic Data,0.4951,3.007
2013-11-15,10.788005591880424,,0,0.2868145409735059,0.5272727272727273,0.24282786885245897,Historic Data,0.4951,3.007
2013-11-16,11.295799882863758,,0,0.28342575477510784,0.8,0.12295081967213112,Historic Data,0.4951,3.007
2013-11-17,11.881618532239383,,0,0.29667282809611834,0.8,0.06864754098360655,Historic Data,0.4951,3.007
2013-11-18,11.044271902527981,,0,0.2883548983364141,0.8909090909090911,0.16086065573770492,Historic Data,0.4951,3.007
2013-11-19,11.095023002976996,,0,0.21072088724584104,0.5636363636363637,0.34528688524590156,Historic Data,0.4951,3.007
2013-11-20,11.833861621637315,,0,0.19839802834257547,0.7636363636363637,0.3288934426229508,Historic Data,0.4951,3.007
2013-11-21,11.63428671185587,,0,0.24553296364756622,0.6363636363636365,0.4743852459016393,Historic Data,0.4951,3.007
2013-11-22,11.509981008546513,,0,0.24491682070240295,0.6000000000000001,0.42110655737704905,Historic Data,0.4951,3.007
2013-11-23,11.770955990519582,,0,0.2301293900184843,0.709090909090909,0.3247950819672131,Historic Data,0.4951,3.007
2013-11-24,12.427183924970805,,0,0.24892174984596424,0.6363636363636365,0.3432377049180327,Historic Data,0.4951,3.007
2013-11-25,11.567541650389256,,0,0.2264325323475046,0.6181818181818182,0.32069672131147536,Historic Data,0.4951,3.007
2013-11-26,11.44326819772285,,0,0.2245841035120148,0.5272727272727273,0.20184426229508193,Historic Data,0.4951,3.007
2013-11-27,11.299924395401403,,0,0.3197781885397412,0.8363636363636364,0.11782786885245902,Historic Data,0.4951,3.007
2013-11-28,11.053484506860261,,0,0.3068391866913124,0.8,0.1055327868852459,Historic Data,0.4951,3.007
2013-11-29,10.996838790175438,,0,0.3154651879235983,0.6181818181818182,0.430327868852459,Historic Data,0.4951,3.007
2013-11-30,11.530147006667965,,0,0.2600123228589033,0.5454545454545454,0.3565573770491803,Historic Data,0.4951,3.007
2013-12-01,12.262636115288613,,0,0.29205175600739375,0.7272727272727273,0.08401639344262295,Historic Data,0.4951,3.007
2013-12-02,11.239042128847279,,0,0.29205175600739375,0.6545454545454545,0.11885245901639344,Historic Data,0.4951,3.007
2013-12-03,11.414006242282927,,0,0.22427603203943314,0.5272727272727273,0.07786885245901638,Historic Data,0.4951,3.007
2013-12-04,11.356104389268292,,0,0.27634011090573013,0.6181818181818182,0.27356557377049173,Historic Data,0.4951,3.007
2013-12-05,11.815181587614589,,0,0.3188539741219963,0.5454545454545454,0.6065573770491803,Historic Data,0.4951,3.007
2013-12-06,11.605175194882813,,0,0.2436845348120764,0.49090909090909096,0.3811475409836065,Historic Data,0.4951,3.007
2013-12-07,11.924261913085939,,0,0.270486752926679,0.7636363636363637,0.3596311475409835,Historic Data,0.4951,3.007
2013-12-08,12.080541302382347,,0,0.348120764017252,0.7272727272727273,0.4467213114754097,Historic Data,0.4951,3.007
2013-12-09,11.223678124609375,,0,0.3410351201478743,0.8363636363636364,0.25512295081967207,Historic Data,0.4951,3.007
2013-12-10,11.378429996851779,,0,0.2800369685767098,0.8727272727272728,0.11782786885245902,Historic Data,0.4951,3.007
2013-12-11,11.707710958962819,,0,0.19901417128773877,0.9090909090909092,0.12807377049180327,Historic Data,0.4951,3.007
2013-12-12,11.641280485045998,,0,0.27849661121380165,0.9272727272727272,0.21311475409836061,Historic Data,0.4951,3.007
2013-12-13,11.392124632381138,,0,0.36321626617375236,0.7636363636363637,0.331967213114754,Historic Data,0.4951,3.007
2013-12-14,11.736654732785603,,0,0.3508934072704868,0.6909090909090911,0.5379098360655737,Historic Data,0.4951,3.007
2013-12-15,12.257546770273972,,0,0.38817005545286504,0.8727272727272728,0.6065573770491803,Historic Data,0.4951,3.007
2013-12-16,11.170061069289488,,0,0.39895255699322246,0.8363636363636364,0.5502049180327869,Historic Data,0.4951,3.007
2013-12-17,11.370127618027011,,0,0.22982131854590265,0.8545454545454545,0.11168032786885246,Historic Data,0.4951,3.007
2013-12-18,11.299923288375734,,0,0.3188539741219963,0.8181818181818181,0.5788934426229507,Historic Data,0.4951,3.007
2013-12-19,11.444299355214245,,0,0.3006777572396796,0.6363636363636365,0.3883196721311475,Historic Data,0.4951,3.007
2013-12-20,11.489317353375073,,0,0.3228589032655576,0.6545454545454545,0.5450819672131146,Historic Data,0.4951,3.007
2013-12-21,12.1239978481409,,0,0.36999383857054835,0.7818181818181817,0.8924180327868851,Historic Data,0.4951,3.007
2013-12-22,11.942015860700998,,0,0.3120764017252003,0.5454545454545454,0.5594262295081968,Historic Data,0.4951,3.007
2013-12-23,12.046325175900547,,0,0.36999383857054835,0.7454545454545454,0.8483606557377049,Historic Data,0.4951,3.007
2013-12-24,11.9816715628868,,0,0.3693776956253851,0.6909090909090911,0.6629098360655737,Historic Data,0.4951,3.007
2013-12-25,12.542846951048404,,1,0.22335181762168824,0.7636363636363637,0.23258196721311478,Historic Data,0.4951,3.007
2013-12-26,11.655858515167548,,1,0.23721503388786197,0.8909090909090911,0.2120901639344262,Historic Data,0.4951,3.007
2013-12-27,11.661978447570533,,0,0.340418977202711,0.5818181818181818,0.7848360655737705,Historic Data,0.4951,3.007
2013-12-28,11.379025867117383,,0,0.24245224892174982,0.6181818181818182,0.3043032786885245,Historic Data,0.4951,3.007
2013-12-29,11.973592787575935,,0,0.23475046210720885,0.7454545454545454,0.2940573770491803,Historic Data,0.4951,3.007
2013-12-30,11.813610424926514,,0,0.3166974738139249,0.7272727272727273,0.6536885245901639,Historic Data,0.4951,3.007
2013-12-31,11.91391723983134,,0,0.32101047443006775,0.7636363636363637,0.46311475409836056,Historic Data,0.4951,3.007
2014-01-02,11.22334718637522,,0,0.3330252618607517,0.709090909090909,0.48053278688524576,Historic Data,0.4951,3.007
2014-01-03,11.489046069496178,,0,0.3250154035736291,0.6363636363636365,0.7643442622950819,Historic Data,0.4951,3.007
2014-01-04,11.995096292351443,,0,0.29698089956869994,0.7454545454545454,0.4364754098360655,Historic Data,0.4951,3.007
2014-01-05,12.611274064105077,,0,0.37030191004313007,0.8,0.430327868852459,Historic Data,0.4951,3.007
2014-01-06,11.408516368829641,,0,0.38909426987061,0.6363636363636365,0.8299180327868853,Historic Data,0.4951,3.007
2014-01-07,11.268233677769064,,0,0.352433764633395,0.6363636363636365,0.7274590163934426,Historic Data,0.4951,3.007
2014-01-08,11.00615098007843,,0,0.35982747997535425,0.7636363636363637,0.4047131147540983,Historic Data,0.4951,3.007
2014-01-09,11.119571626210153,,0,0.3718422674060382,0.6181818181818182,0.5973360655737705,Historic Data,0.4951,3.007
2014-01-10,11.246991144824872,,0,0.31423290203327175,0.7636363636363637,0.34426229508196715,Historic Data,0.4951,3.007
2014-01-11,11.538977954370079,,0,0.2664818237831177,0.6909090909090911,0.25409836065573765,Historic Data,0.4951,3.007
2014-01-12,12.752337201987016,,0,0.27634011090573013,0.8545454545454545,0.31249999999999994,Historic Data,0.4951,3.007
2014-01-13,11.36455371831956,,0,0.3012939001848429,0.7272727272727273,0.3893442622950819,Historic Data,0.4951,3.007
2014-01-14,11.333602044617201,,0,0.2119531731361676,0.6909090909090911,0.23565573770491802,Historic Data,0.4951,3.007
2014-01-15,11.184849439145838,,0,0.3465804066543438,0.8545454545454545,0.4538934426229507,Historic Data,0.4951,3.007
2014-01-16,10.95030754302028,,0,0.33210104744300684,0.7272727272727273,0.49282786885245894,Historic Data,0.4951,3.007
2014-01-17,11.13873606425054,,0,0.26278496611213803,0.8,0.45901639344262285,Historic Data,0.4951,3.007
2014-01-18,11.546570302520676,,0,0.30961182994454717,0.7272727272727273,0.42418032786885235,Historic Data,0.4951,3.007
2014-01-19,10.635412507516275,,0,0.2905113986444855,0.6727272727272728,0.15573770491803277,Historic Data,0.4951,3.007
2014-01-20,11.4308828747778,,0,0.2618607516943931,0.8363636363636364,0.0,Historic Data,0.4951,3.007
2014-01-21,11.370601341502365,,0,0.23783117683302527,0.8363636363636364,0.20389344262295078,Historic Data,0.4951,3.007
2014-01-22,11.109560086859732,,0,0.31053604436229204,0.8,0.19774590163934425,Historic Data,0.4951,3.007
2014-01-23,11.300413875620812,,0,0.2618607516943931,0.709090909090909,0.3872950819672131,Historic Data,0.4951,3.007
2014-01-24,11.409880228867403,,0,0.2486136783733826,0.7272727272727273,0.22848360655737704,Historic Data,0.4951,3.007
2014-01-25,11.620778216969217,,0,0.3644485520640789,0.7272727272727273,0.3893442622950819,Historic Data,0.4951,3.007
2014-01-26,12.729658709094496,,0,0.2800369685767098,0.6545454545454545,0.4456967213114753,Historic Data,0.4951,3.007
2014-01-27,11.75387095609708,,0,0.24676524953789278,0.6545454545454545,0.5215163934426229,Historic Data,0.4951,3.007
2014-01-28,11.344804701165087,,0,0.2828096118299445,0.7272727272727273,0.4221311475409836,Historic Data,0.4951,3.007
2014-01-29,11.800776505725567,,0,0.17005545286506468,0.8545454545454545,0.41495901639344257,Historic Data,0.4951,3.007
2014-01-30,11.68516887183488,,0,0.18484288354898337,0.8727272727272728,0.13524590163934425,Historic Data,0.4951,3.007
2014-01-31,11.857956924876506,,0,0.27387553912507706,0.8727272727272728,0.46516393442622944,Historic Data,0.4951,3.007
2014-02-01,11.710581932516307,,0,0.3012939001848429,0.6000000000000001,0.6936475409836065,Historic Data,0.4951,3.007
2014-02-02,12.07816435568317,,0,0.2883548983364141,0.5272727272727273,0.46618852459016386,Historic Data,0.4951,3.007
2014-02-03,11.280011482835082,,0,0.24799753542821934,0.6545454545454545,0.4836065573770491,Historic Data,0.4951,3.007
2014-02-04,11.09558443702237,,0,0.27541589648798526,0.5818181818181818,0.5225409836065573,Historic Data,0.4951,3.007
2014-02-05,11.415104542432058,,0,0.2988293284041898,0.6181818181818182,0.7848360655737705,Historic Data,0.4951,3.007
2014-02-06,11.445403332361689,,0,0.30406654343807765,0.709090909090909,0.4897540983606557,Historic Data,0.4951,3.007
2014-02-07,10.972318254623016,,0,0.30406654343807765,0.6545454545454545,0.3872950819672131,Historic Data,0.4951,3.007
2014-02-08,11.569300456201628,,0,0.28311768330252624,0.6181818181818182,0.8534836065573769,Historic Data,0.4951,3.007
2014-02-09,12.202967430863952,,0,0.2538508934072705,0.4181818181818182,0.8043032786885246,Historic Data,0.4951,3.007
2014-02-10,11.264175173604768,,0,0.2723351817621688,0.7454545454545454,0.1495901639344262,Historic Data,0.4951,3.007
2014-02-11,11.452649314027418,,0,0.23321010474430065,0.6000000000000001,0.4528688524590163,Historic Data,0.4951,3.007
2014-02-12,11.679099381932021,,0,0.27387553912507706,0.5818181818181818,0.7213114754098361,Historic Data,0.4951,3.007
2014-02-13,11.285736726983496,,0,0.22889710412815772,0.4545454545454546,0.5768442622950819,Historic Data,0.4951,3.007
2014-02-14,11.816914332021467,,0,0.3721503388786198,0.6909090909090911,0.6557377049180327,Historic Data,0.4951,3.007
2014-02-15,11.490469615202231,,0,0.3068391866913124,0.47272727272727266,1.0,Historic Data,0.4951,3.007
2014-02-16,11.58215902676365,,0,0.3093037584719655,0.6000000000000001,0.3217213114754098,Historic Data,0.4951,3.007
2014-02-17,10.979565988197768,,0,0.3305606900800986,0.7272727272727273,0.3965163934426229,Historic Data,0.4951,3.007
2014-02-18,10.781897981553204,,0,0.3139248305606901,0.8,0.29303278688524587,Historic Data,0.4951,3.007
2014-02-19,10.67462360235623,,0,0.3139248305606901,0.8,0.31659836065573765,Historic Data,0.4951,3.007
2014-02-20,10.573835396803835,,0,0.3869377695625385,0.7454545454545454,0.5307377049180327,Historic Data,0.4951,3.007
2014-02-21,10.51812649820144,,0,0.31454097350585336,0.5272727272727273,0.5348360655737705,Historic Data,0.4951,3.007
2014-02-22,10.776242109628447,,0,0.36013555144793596,0.509090909090909,0.4682377049180327,Historic Data,0.4951,3.007
2014-02-23,11.480410763265306,,0,0.36968576709796674,0.6000000000000001,0.706967213114754,Historic Data,0.4951,3.007
2014-02-24,10.411403084521426,,0,0.4402341343191621,0.5636363636363637,0.49385245901639335,Historic Data,0.4951,3.007
2014-02-25,10.294996596876876,,0,0.3539741219963031,0.6363636363636365,0.5625,Historic Data,0.4951,3.007
2014-02-26,10.20294532237132,,0,0.3496611213801602,0.5454545454545454,0.37090163934426224,Historic Data,0.4951,3.007
2014-02-27,10.356349899358717,,0,0.3194701170671596,0.5636363636363637,0.40368852459016386,Historic Data,0.4951,3.007
2014-02-28,0.20899659111690394,,0,0.22828096118299443,0.7818181818181817,0.20901639344262296,Historic Data,0.4951,3.007
